14,419,6,76,68,65,72,56,82,,,,,,,,,,,,,,,,,,,,,,,,
,,,LT_A,LT_B,LT_C,ZG_A,ZG_B,ZG_C,,,,,,,,,,,,,,,,,,,,,,,,
CODE,SITE,CMJ-25,,CMJ-26,,CMJ-43,,CMJ-65,,CMJ-68,,CMJ-77,,CMJ-116,,CMJ-123,,CMJ-134,,CMJ-206,,CMJ-214,,CMJ-230,,CMJ-231,,CMJ-241,,,X,Y
LTA1,LT_A,274,278,405,407,335,338,370,370,357,357,342,342,232,232,226,235,220,223,409,409,372,378,164,176,389,392,350,359,,6,22
LTA2,LT_A,274,274,405,407,335,335,370,376,357,357,342,342,226,229,217,223,214,223,409,409,345,372,164,179,392,392,350,353,,7,20
LTA3,LT_A,274,274,405,407,335,335,370,376,357,357,342,342,226,229,217,223,214,223,409,409,345,372,164,179,392,392,350,353,,7,8
LTA4,LT_A,274,274,405,407,335,335,370,376,357,357,342,342,226,229,217,223,214,223,409,409,345,372,164,179,392,392,350,353,,8,10
LTA5,LT_A,278,278,405,405,338,338,370,370,357,357,342,342,214,229,223,226,211,217,400,409,345,372,176,179,389,398,350,359,,11,17
LTA6,LT_A,274,274,401,405,335,335,370,370,357,357,342,342,226,232,217,217,223,223,400,406,345,372,176,179,392,392,350,350,,14,12
LTA7,LT_A,274,274,401,403,335,335,370,370,357,357,342,342,217,211,226,226,220,223,400,409,372,378,164,176,392,392,350,359,,15,21
LTA8,LT_A,274,276,403,405,335,335,370,370,357,357,342,342,214,223,217,229,211,211,400,403,345,372,164,179,395,398,350,350,,17,16
LTA9,LT_A,274,276,403,405,335,335,370,370,0,0,342,342,217,211,226,229,223,223,409,409,345,372,176,179,392,392,350,359,,22,11
LTA10,LT_A,274,278,403,403,338,335,370,370,351,357,342,342,232,211,217,217,214,214,403,409,372,378,164,176,389,392,350,350,,21,18
LTA11,LT_A,274,274,401,405,335,338,370,370,351,357,339,342,217,232,217,226,214,220,403,403,345,372,164,176,392,413,350,353,,16,12
LTA12,LT_A,274,274,403,405,335,335,0,0,351,357,342,360,217,211,217,217,214,223,406,409,345,372,164,176,392,413,350,350,,24,15
LTA13,LT_A,274,276,403,405,335,335,370,370,351,357,342,342,217,232,214,217,223,223,400,409,345,372,179,179,392,392,350,350,,28,16
LTA14,LT_A,274,274,403,403,335,335,370,370,351,357,342,360,217,211,217,217,214,214,406,409,345,423,164,176,392,413,350,353,,20,8
LTA15,LT_A,274,274,405,407,335,335,370,370,357,357,342,342,217,232,217,226,214,220,400,409,345,372,164,179,383,395,350,359,,26,21
LTA16,LT_A,274,276,403,405,335,335,370,370,357,357,342,342,217,211,229,253,214,220,409,409,372,378,176,179,392,395,350,353,,30,10
LTA17,LT_A,274,276,403,405,335,335,370,370,357,357,342,354,214,211,229,229,202,211,409,409,372,378,176,179,392,395,350,353,,30,10
LTA18,LT_A,274,276,403,405,335,335,370,370,357,357,342,354,214,211,229,229,211,217,427,427,387,393,191,194,410,413,365,368,,30,10
LTA19,LT_A,274,280,405,405,335,335,370,370,357,357,342,342,217,232,217,253,220,223,400,409,372,399,164,176,392,392,350,359,,17,7
LTA20,LT_A,274,276,403,409,335,335,370,370,351,357,342,342,217,211,220,253,220,223,403,409,345,372,164,176,383,389,350,350,,7,12
LTA21,LT_A,274,274,401,405,335,338,370,370,345,357,342,342,217,232,217,220,214,220,406,409,345,378,164,164,383,392,350,350,,22,1
LTA22,LT_A,270,274,401,405,335,335,0,0,357,357,342,342,226,211,217,217,214,223,403,409,345,372,164,173,392,392,350,353,,28,25
LTA23,LT_A,274,276,405,409,335,335,370,370,357,357,333,342,217,232,217,253,220,220,409,409,345,372,164,176,392,392,350,350,,34,17
LTA24,LT_A,274,276,405,405,335,335,370,370,357,357,342,342,232,211,217,253,214,223,403,409,345,372,164,164,383,392,350,359,,37,24
LTA25,LT_A,274,274,403,403,335,335,370,370,357,357,342,342,217,232,217,226,214,214,400,409,345,372,173,179,392,392,350,353,,37,24
LTA26,LT_A,274,274,403,405,335,335,370,370,351,357,345,348,217,211,217,226,214,223,400,400,345,372,167,176,392,392,359,559,,37,24
LTA27,LT_A,274,276,403,405,332,335,370,370,357,357,342,345,217,211,217,217,223,223,400,403,345,372,176,176,392,392,350,353,,37,24
LTA28,LT_A,274,276,405,407,335,335,370,370,357,357,342,342,217,226,214,214,220,223,400,403,345,372,164,176,377,389,350,350,,37,24
LTA29,LT_A,274,274,401,403,335,335,370,370,357,357,342,342,232,211,217,226,223,229,409,409,345,372,164,170,392,392,350,359,,32,12
LTA30,LT_A,270,278,405,407,335,335,370,370,351,357,342,342,217,211,214,226,220,223,400,409,345,372,176,176,392,392,350,350,,76,11
LTA31,LT_A,274,274,407,413,335,338,370,370,357,357,348,348,217,226,217,253,214,223,400,403,372,378,164,179,392,392,350,350,,43,21
LTA32,LT_A,274,274,407,413,335,338,370,370,357,357,348,348,217,226,217,253,214,223,400,403,372,378,164,179,392,392,350,350,,69,9
LTA33,LT_A,274,274,407,413,335,338,370,370,357,357,348,348,217,226,217,253,214,223,400,403,372,378,164,179,392,392,350,350,,33,7
LTA34,LT_A,276,276,405,405,335,335,370,370,357,357,342,342,217,232,214,226,223,223,409,412,363,372,173,179,383,392,350,350,,36,12
LTA35,LT_A,274,280,405,405,335,335,370,370,357,357,342,348,226,232,217,229,220,223,400,409,345,372,164,164,383,386,350,359,,78,27
LTA36,LT_A,276,276,405,405,335,335,370,370,357,357,342,342,223,229,226,229,217,220,409,409,345,372,164,164,383,392,350,353,,42,25
LTA37,LT_A,274,274,405,405,335,338,370,370,357,357,342,342,217,238,217,226,223,223,400,400,345,372,164,179,392,392,350,353,,39,7
LTA38,LT_A,274,274,403,405,335,335,370,370,357,357,342,342,226,232,214,226,223,223,400,409,345,372,164,167,383,389,353,359,,46,18
LTA39,LT_A,274,276,409,405,335,335,370,370,357,357,342,342,214,211,217,217,217,220,400,409,345,372,164,164,392,395,350,350,,52,11
LTA40,LT_A,274,276,403,405,335,335,370,370,357,363,342,342,226,211,217,226,220,220,400,409,345,372,164,164,392,392,350,353,,52,11
LTA41,LT_A,274,274,403,403,335,335,370,370,357,357,342,342,214,223,217,220,202,220,400,409,345,372,170,176,383,392,350,350,,52,11
LTA42,LT_A,274,274,401,405,335,335,370,370,351,357,339,342,217,226,226,253,220,223,400,403,345,372,176,179,389,392,350,350,,38,4
LTA43,LT_A,274,276,403,405,335,335,370,370,357,357,342,342,217,226,217,217,214,220,403,409,345,372,173,179,392,392,350,350,,49,8
LTA44,LT_A,274,274,405,405,317,335,361,370,357,357,342,342,217,238,217,226,220,223,409,409,372,378,164,164,392,392,350,359,,63,25
LTA45,LT_A,276,276,403,405,335,335,370,370,357,357,342,348,217,226,217,253,214,223,400,400,345,372,164,179,392,392,359,350,,63,25
LTA46,LT_A,274,274,403,405,335,338,370,370,357,357,342,342,217,232,217,253,220,223,409,409,345,372,170,176,389,392,350,359,,63,25
LTA47,LT_A,274,274,403,405,335,335,0,0,357,357,342,342,217,232,220,220,223,223,409,409,345,372,176,176,392,392,350,359,,61,9
LTA48,LT_A,274,274,401,405,335,335,370,370,351,357,342,342,217,232,217,226,214,223,409,409,345,372,164,176,386,392,350,359,,51,21
LTA49,LT_A,274,274,401,405,335,335,370,370,351,357,342,342,217,211,217,226,214,223,409,409,372,399,164,176,386,392,350,359,,51,21
LTA50,LT_A,274,276,405,405,335,335,370,370,357,357,342,342,217,226,226,226,223,223,403,403,345,372,164,176,383,392,359,350,,51,21
LTA51,LT_A,274,274,403,405,335,335,370,370,351,357,348,348,217,211,226,253,223,223,400,403,372,378,167,179,389,392,350,359,,51,21
LTA52,LT_A,274,276,405,405,335,335,370,370,351,357,342,342,217,232,226,229,220,223,403,409,345,372,164,179,392,392,350,353,,49.0,15
LTA53,LT_A,274,274,403,405,335,335,370,370,357,357,342,342,217,232,226,253,223,223,403,409,345,372,173,176,392,392,350,353,,72.0,5
LTA54,LT_A,274,280,403,405,335,335,370,370,357,357,342,342,223,229,214,226,202,211,400,409,345,372,164,179,392,392,350,350,,83.0,18
LTA55,LT_A,274,274,405,405,335,338,370,370,357,357,339,342,226,232,217,229,220,223,406,409,345,372,164,176,392,413,350,353,,80.0,15
LTA56,LT_A,274,282,405,407,335,335,370,370,357,357,342,342,214,211,214,217,211,217,400,409,372,378,164,167,392,392,353,359,,66.0,14
LTA57,LT_A,272,276,403,405,335,335,370,370,351,357,342,342,217,232,217,229,220,223,406,409,345,372,170,176,392,392,353,359,,66.0,14
LTA58,LT_A,274,282,403,405,335,335,370,370,351,357,342,342,0,0,217,229,202,202,406,409,345,372,0,0,0,0,0,0,,66.0,14
LTA59,LT_A,274,274,405,405,335,335,370,370,351,357,333,342,226,232,217,217,214,223,403,409,345,372,164,176,383,392,350,359,,66.0,14
LTA60,LT_A,274,278,405,405,335,335,370,370,351,357,339,342,217,232,217,220,220,223,400,409,345,372,164,176,392,392,350,359,,91.0,13
LTA61,LT_A,274,274,405,405,335,335,370,370,357,357,342,342,217,226,217,226,220,223,409,409,345,372,164,179,392,392,350,350,,58.0,13
LTA62,LT_A,274,280,403,405,335,335,361,370,357,357,339,342,217,211,226,229,214,220,409,409,345,372,164,173,392,392,350,350,,63.0,6
LTA63,LT_A,274,274,405,405,335,335,370,370,357,357,330,342,217,232,232,253,220,223,406,409,345,372,164,176,383,392,350,350,,61.0,25
LTA64,LT_A,274,276,403,405,335,338,370,370,357,357,330,342,217,211,217,220,220,223,409,409,345,372,164,164,392,392,350,356,,70.0,21
LTA65,LT_A,276,278,405,407,335,335,370,370,357,357,342,342,229,211,217,229,211,211,403,409,372,378,164,176,389,392,350,359,,70.0,25
LTA66,LT_A,274,274,401,403,335,335,370,370,357,369,342,342,217,211,214,217,214,223,403,403,345,372,164,179,392,395,350,350,,83.0,7
LTA67,LT_A,274,274,401,405,335,335,370,370,348,357,336,342,217,211,220,226,214,220,406,409,345,372,176,176,392,392,350,353,,89.0,20
LTA68,LT_A,274,274,403,407,335,335,370,370,357,357,342,345,217,211,214,214,223,223,409,409,345,372,176,176,386,395,350,350,,87.0,9
LTA69,LT_A,274,278,403,405,335,335,370,370,348,357,342,342,232,211,217,253,214,214,400,403,345,372,164,176,392,392,353,359,,87.0,9
LTA70,LT_A,274,274,403,405,335,335,370,370,357,357,342,342,214,211,217,217,211,211,400,409,345,372,164,164,392,392,350,350,,44.0,4
LTA71,LT_A,274,274,405,405,335,335,370,370,351,357,330,339,232,238,226,253,220,223,400,409,345,372,176,176,392,395,359,350,,92.0,16
LTA72,LT_A,274,274,405,405,332,335,370,370,357,360,342,342,214,229,214,217,202,202,412,415,387,387,191,191,401,410,365,368,,80.0,28
LTA73,LT_A,274,274,405,405,332,335,370,370,357,360,342,342,214,229,214,217,202,217,397,400,345,372,176,176,383,392,350,353,,80.0,28
LTA74,LT_A,274,274,403,405,335,338,370,370,357,375,342,342,226,232,220,229,223,226,400,409,345,372,164,164,389,392,350,350,,80.0,28
LTA75,LT_A,274,276,403,405,335,335,370,370,357,357,342,342,226,232,229,232,214,223,409,409,345,363,164,176,383,392,350,359,,60,18
LTA76,LT_A,274,274,405,407,335,335,370,370,357,357,342,348,217,232,217,217,214,223,400,406,345,372,164,164,392,392,350,359,,64.0,3
LTB1,LT_B,274,274,403,405,335,338,0,0,357,357,339,342,217,232,223,226,214,220,400,403,345,372,176,179,392,392,350,350,,2,23
LTB2,LT_B,274,274,405,407,335,335,370,376,351,357,342,348,217,232,217,223,0,0,400,400,345,372,179,179,392,392,350,353,,6,22
LTB3,LT_B,274,278,403,403,335,338,370,358,357,357,342,342,217,226,217,217,214,223,403,409,345,372,176,176,386,392,353,359,,4,17
LTB4,LT_B,274,274,403,405,335,335,370,385,357,357,342,348,217,232,217,226,214,220,409,409,345,372,164,176,392,392,356,359,,7,20
LTB5,LT_B,274,278,403,405,335,335,370,358,357,357,342,342,217,211,217,226,214,223,403,409,345,372,164,176,392,392,350,359,,10,18
LTB6,LT_B,274,274,405,407,335,335,370,358,357,357,342,342,217,211,217,253,220,223,406,409,345,372,164,176,392,392,350,350,,8,15
LTB7,LT_B,274,278,405,407,335,335,370,358,357,357,330,330,214,229,217,226,202,211,0,0,0,0,0,0,0,0,0,0,,10,8
LTB8,LT_B,274,274,401,403,335,335,370,358,357,357,342,342,214,211,217,229,211,217,400,409,345,372,167,176,392,392,350,359,,10,8
LTB9,LT_B,274,274,403,405,335,335,370,358,357,357,342,342,217,232,214,247,223,223,409,412,372,378,164,176,383,392,350,350,,11,11
LTB10,LT_B,274,274,405,407,335,335,370,376,357,357,342,342,214,235,217,223,202,211,427,427,387,387,194,194,410,419,365,374,,15,16
LTB11,LT_B,274,274,403,405,335,335,370,358,357,357,342,342,217,226,220,226,223,223,400,412,345,372,164,164,392,392,350,353,,18,10
LTB12,LT_B,274,274,405,407,332,335,370,358,345,357,342,348,217,226,214,220,214,223,400,409,345,372,164,176,392,392,350,359,,18,27
LTB13,LT_B,276,280,403,403,335,335,0,0,357,357,330,342,232,211,223,226,223,223,403,409,345,372,176,176,392,392,353,359,,20,18
LTB14,LT_B,272,274,405,405,335,335,370,358,357,357,333,342,217,211,217,229,214,223,403,409,345,372,164,167,377,383,350,359,,13,2
LTB15,LT_B,274,274,403,405,317,338,0,0,357,357,330,342,217,232,217,226,214,220,400,403,345,372,164,164,389,392,350,350,,22,26
LTB16,LT_B,276,276,403,405,335,335,0,0,357,357,342,342,232,211,223,226,223,223,403,403,372,378,164,176,392,392,350,359,,17,4
LTB17,LT_B,274,276,405,407,335,335,0,0,357,357,342,342,217,226,226,253,220,220,400,409,345,372,173,176,383,392,350,359,,16,24
LTB18,LT_B,274,276,401,403,335,338,370,358,357,357,342,342,217,226,220,235,220,220,400,409,345,372,164,164,392,395,350,359,,27,5
LTB19,LT_B,274,276,405,405,335,335,370,358,357,357,342,342,232,211,217,217,205,223,409,409,345,372,164,164,392,392,350,359,,42,20
LTB20,LT_B,274,274,403,403,335,335,370,358,351,363,342,342,217,226,214,214,220,223,409,412,351,378,176,176,392,392,350,353,,22,11
LTB21,LT_B,274,278,403,405,335,335,0,0,357,357,342,345,217,226,214,217,220,223,409,409,345,372,164,164,383,392,350,350,,32,20
LTB22,LT_B,278,278,401,405,335,338,370,358,357,357,342,342,217,226,217,229,214,223,403,409,345,372,164,176,392,392,350,350,,51,3
LTB23,LT_B,274,274,405,407,335,335,0,0,357,357,342,342,226,232,217,223,214,223,409,409,345,372,164,179,392,392,350,353,,51,3
LTB24,LT_B,274,274,403,403,335,335,0,0,357,357,342,342,226,211,226,226,214,223,403,406,345,372,176,176,383,392,350,365,,31,26
LTB25,LT_B,274,278,405,407,335,335,370,358,357,357,339,342,214,229,226,229,202,223,400,409,345,372,164,179,392,395,350,359,,46,3
LTB26,LT_B,274,278,405,407,335,335,370,358,357,357,339,342,214,229,226,229,202,223,400,409,345,372,164,179,392,395,350,359,,60,15
LTB27,LT_B,274,274,401,403,335,335,370,358,351,351,342,342,226,211,220,223,220,220,400,403,345,372,164,179,389,392,353,359,,31,12
LTB28,LT_B,274,274,403,405,335,335,370,358,357,357,342,342,214,229,214,214,202,217,400,403,345,372,164,164,389,392,350,350,,34,4
LTB29,LT_B,272,278,405,413,335,338,370,358,357,357,342,342,217,232,223,226,214,223,403,409,345,372,164,164,392,392,353,359,,27,20
LTB30,LT_B,274,274,405,407,335,335,370,358,357,357,342,342,217,211,214,217,220,223,400,403,345,372,164,167,389,392,350,359,,55,7
LTB31,LT_B,274,274,403,405,335,338,370,358,357,357,342,342,223,229,217,217,211,217,400,409,345,372,164,164,392,398,350,353,,27,17
LTB32,LT_B,272,278,403,413,335,338,370,358,351,357,342,342,214,229,214,229,211,217,403,409,345,372,164,176,392,392,359,359,,42,6
LTB33,LT_B,274,276,403,403,335,335,370,358,357,357,330,342,217,226,232,235,223,223,400,409,345,372,164,164,392,398,350,359,,32,25
LTB34,LT_B,274,274,405,405,335,335,370,358,357,357,342,342,217,232,217,217,214,223,400,406,345,372,164,179,383,392,350,359,,49,13
LTB35,LT_B,274,278,403,403,335,335,0,0,357,357,342,342,217,211,229,229,220,223,400,400,345,372,179,179,392,392,350,359,,62,19
LTB36,LT_B,272,274,403,403,335,335,0,0,357,357,342,342,217,211,205,217,214,220,400,409,345,372,164,164,383,392,350,356,,58,21
LTB37,LT_B,274,274,403,405,335,335,0,0,357,357,342,342,217,232,226,229,220,223,409,412,345,372,164,176,392,392,350,359,,67,13
LTB38,LT_B,274,280,403,403,335,335,370,358,357,357,330,330,226,232,214,217,220,223,403,409,345,372,164,164,389,392,350,350,,81,20
LTB39,LT_B,274,274,403,405,335,335,370,358,357,357,342,342,226,232,217,226,214,220,409,409,345,372,164,164,377,392,356,359,,81,20
LTB40,LT_B,274,274,405,403,335,335,370,358,357,357,336,342,217,211,226,226,223,223,406,406,345,372,164,176,392,392,353,359,,72,20
LTB41,LT_B,274,274,403,409,335,335,370,358,357,357,342,342,226,232,217,217,214,223,409,409,345,372,164,176,392,392,350,359,,63,11
LTB42,LT_B,274,278,403,405,335,338,370,358,357,357,330,342,214,223,226,235,202,211,400,400,345,372,164,179,392,392,353,359,,78,8
LTB43,LT_B,274,274,401,405,335,335,370,358,357,357,348,348,217,232,217,232,220,223,409,400,345,372,164,164,392,398,350,359,,69,7
LTB44,LT_B,274,274,403,403,335,338,0,0,357,357,342,345,217,232,220,226,220,220,400,403,345,372,164,167,383,392,350,353,,37,24
LTB45,LT_B,274,274,403,407,335,335,370,358,348,357,330,342,217,211,226,229,223,223,403,409,345,372,173,176,389,392,350,350,,74,15
LTB46,LT_B,274,274,405,405,335,335,0,0,357,363,342,342,217,211,217,229,220,223,400,403,345,372,164,164,383,392,350,359,,74,15
LTB47,LT_B,274,274,405,405,335,335,370,358,351,357,330,342,232,211,220,229,223,223,400,409,345,372,164,164,383,392,350,353,,74,15
LTB48,LT_B,274,278,403,407,335,335,370,358,351,357,342,342,214,229,223,226,211,211,403,409,345,372,164,176,389,392,350,365,,84,16
LTB49,LT_B,274,274,405,405,335,335,370,358,357,363,342,342,217,232,217,229,223,223,403,409,345,372,164,179,377,392,350,359,,71,28
LTB50,LT_B,274,274,401,403,335,335,370,358,357,357,342,342,229,211,220,226,217,220,400,403,345,372,164,176,392,392,350,350,,96,3
LTB51,LT_B,274,278,401,403,335,335,370,358,351,357,342,342,214,223,217,217,202,220,400,409,372,378,164,164,392,392,350,359,,96,3
LTB52,LT_B,272,276,401,405,335,335,370,358,351,357,342,342,223,229,223,226,220,220,400,409,345,372,164,164,380,392,350,350,,96,3
LTB53,LT_B,274,274,401,403,335,335,370,358,357,357,342,342,226,232,226,253,214,223,400,403,345,372,164,179,392,392,350,359,,89,4
LTB54,LT_B,274,278,405,413,335,335,370,358,351,357,342,342,217,226,214,226,214,223,403,409,342,372,176,164,383,392,353,359,,84,9
LTB55,LT_B,274,274,401,405,335,335,370,358,357,357,342,351,217,226,226,226,214,214,403,409,345,372,164,179,392,392,350,359,,66,3
LTB56,LT_B,274,274,405,405,335,338,370,358,357,357,342,342,217,232,217,226,223,223,406,409,345,372,164,179,386,392,350,350,,74,5
LTB57,LT_B,272,274,401,405,335,335,370,358,357,357,342,342,217,226,217,226,220,229,400,400,372,378,164,176,392,392,350,359,,94,8
LTB58,LT_B,272,274,401,405,335,335,370,358,357,357,342,342,214,211,217,226,202,202,400,400,372,378,164,176,392,392,350,359,,94,8
LTB59,LT_B,272,274,405,405,335,335,370,358,357,357,342,342,214,211,223,226,202,217,403,409,345,372,164,179,392,392,350,350,,94,8
LTB60,LT_B,274,274,405,405,335,335,370,358,357,357,330,342,217,211,226,232,223,223,409,409,345,372,164,164,389,392,350,350,,91,13
LTB61,LT_B,276,276,403,405,335,335,370,358,357,357,330,348,217,232,226,226,214,229,400,400,345,372,164,176,389,398,350,365,,46,25
LTB62,LT_B,274,274,401,403,335,338,0,0,357,357,330,342,226,232,217,223,214,229,403,403,345,372,164,164,383,392,350,350,,67,23
LTB63,LT_B,274,274,405,405,335,335,370,358,357,357,342,342,217,226,217,229,220,223,400,403,345,372,164,176,392,395,350,350,,96,25
LTB64,LT_B,274,274,403,405,335,335,370,358,351,357,348,348,217,226,214,217,214,214,403,409,345,372,164,164,392,392,350,359,,91,21
LTB65,LT_B,274,274,403,405,335,335,370,358,357,357,342,342,232,238,226,253,223,223,400,409,345,372,176,179,392,392,350,350,,51,21
LTB66,LT_B,274,274,405,405,335,335,370,358,357,357,342,360,217,226,214,226,220,223,400,409,345,372,164,179,389,392,350,359,,79,5
LTB67,LT_B,274,274,405,405,335,338,370,358,357,363,342,342,226,232,226,253,214,220,406,409,345,372,164,176,383,392,350,359,,86,6
LTB68,LT_B,274,274,401,403,335,338,370,358,357,357,342,342,217,232,217,226,214,220,400,403,345,372,164,176,392,392,350,359,,83,2
LTC1,LT_C,274,274,403,403,317,335,370,358,357,357,342,342,232,211,217,226,220,223,400,403,345,372,164,179,392,392,350,353,,2,22
LTC2,LT_C,274,276,401,405,317,335,370,358,357,357,330,342,217,211,217,229,214,223,400,400,345,372,164,179,392,392,350,359,,20,12
LTC3,LT_C,274,274,403,407,335,335,370,370,357,357,342,342,214,211,217,235,217,217,409,409,345,372,164,164,386,392,350,350,,5,11
LTC4,LT_C,274,274,401,405,335,335,370,358,351,357,339,342,226,232,217,235,214,220,400,400,345,372,164,176,392,392,350,359,,37,10
LTC5,LT_C,274,278,405,405,335,335,0,0,357,357,342,345,232,211,214,226,223,223,400,409,372,378,176,179,392,392,359,359,,10,16
LTC6,LT_C,274,274,407,407,335,338,370,358,351,357,342,342,217,211,217,226,214,214,409,409,345,372,176,176,389,392,353,359,,18,20
LTC7,LT_C,274,274,405,405,335,335,370,358,351,357,342,342,217,226,217,229,223,223,400,403,345,372,164,179,392,392,350,350,,17,27
LTC8,LT_C,274,274,405,405,335,338,370,358,357,357,330,342,217,232,217,253,223,223,400,409,345,372,164,179,386,392,350,350,,21,27
LTC9,LT_C,276,278,405,405,335,335,370,358,357,357,342,342,226,232,214,217,214,223,409,409,345,372,164,179,392,395,350,350,,13,12
LTC10,LT_C,274,274,407,407,335,335,370,358,351,357,342,342,232,211,220,226,214,220,406,409,345,372,164,176,383,392,350,359,,4,28
LTC11,LT_C,274,274,405,405,335,335,370,358,351,357,342,342,217,211,214,229,223,223,400,409,345,372,176,179,392,392,350,353,,31,22
LTC12,LT_C,0,0,403,405,335,338,370,358,357,357,342,342,0,0,226,226,214,220,403,409,345,372,176,179,392,398,350,365,,27,15
LTC13,LT_C,0,0,405,405,335,335,370,376,357,363,342,342,0,0,217,217,214,223,400,406,345,372,164,179,392,392,350,350,,40,7
LTC14,LT_C,274,274,403,405,335,335,370,358,357,363,342,342,229,211,226,229,211,220,400,403,345,372,164,179,386,392,350,353,,16,5
LTC15,LT_C,274,274,403,405,335,335,370,358,357,363,342,342,229,211,226,229,211,220,400,403,345,345,164,179,392,392,350,350,,16,5
LTC16,LT_C,274,274,403,405,335,335,370,358,357,363,342,342,229,211,226,229,211,220,415,418,360,384,164,179,392,392,350,350,,16,5
LTC17,LT_C,0,0,403,405,335,335,370,358,357,363,342,342,232,211,226,229,214,223,400,403,360,384,164,179,392,392,350,350,,11,20
LTC18,LT_C,274,278,401,403,335,338,370,358,357,357,342,342,0,0,217,229,214,223,400,403,345,372,164,176,392,392,350,359,,12,3
LTC19,LT_C,274,274,403,405,335,338,370,358,351,357,342,342,0,0,226,253,220,223,403,409,345,372,164,167,392,398,350,350,,46,12
LTC20,LT_C,0,0,405,407,335,335,370,358,345,357,342,342,217,211,226,229,214,220,400,409,345,372,176,179,383,392,350,353,,25,8
LTC21,LT_C,272,278,405,407,335,335,370,358,357,357,342,342,217,211,226,229,214,214,403,409,345,372,164,176,383,392,350,359,,40,24
LTC22,LT_C,272,276,403,407,317,335,370,358,351,357,342,342,0,0,214,217,220,223,403,409,345,372,176,176,392,395,350,350,,33,20
LTC23,LT_C,274,276,403,403,335,335,370,358,357,357,342,342,232,211,226,226,220,223,400,400,345,372,164,179,392,392,350,350,,37,18
LTC24,LT_C,272,274,401,403,335,335,370,358,348,357,342,342,217,211,214,217,220,223,403,403,345,372,164,179,386,392,350,359,,30,10
LTC25,LT_C,274,274,405,405,335,335,370,358,351,357,342,342,217,211,217,226,214,220,409,409,345,372,164,176,392,398,350,359,,2,3
LTC26,LT_C,274,276,405,407,335,335,370,358,357,357,342,342,217,211,220,220,214,223,406,409,345,372,164,176,389,398,350,350,,42,21
LTC27,LT_C,274,274,403,405,335,335,370,358,357,357,342,342,217,226,217,232,214,223,403,409,372,384,164,164,377,392,350,350,,50,17
LTC28,LT_C,274,274,405,405,335,335,370,376,363,363,342,342,217,211,217,229,214,223,403,409,345,372,179,179,392,392,350,359,,60,13
LTC29,LT_C,0,0,405,405,335,335,370,373,351,357,333,333,0,0,253,253,220,223,0,0,345,372,164,164,389,392,350,350,,55,8
LTC30,LT_C,274,278,401,405,335,338,370,358,357,357,342,342,217,211,217,226,214,223,397,403,345,372,176,176,383,392,350,350,,61,21
LTC31,LT_C,274,274,401,403,335,335,370,358,357,357,339,342,214,229,214,217,193,220,403,406,345,345,176,176,383,392,350,350,,67,17
LTC32,LT_C,274,278,405,405,335,335,370,358,354,357,342,342,214,229,214,217,202,220,409,409,345,372,176,176,392,392,350,350,,67,17
LTC33,LT_C,276,278,403,409,335,338,370,358,357,357,342,342,214,229,214,232,202,220,400,400,372,399,164,164,380,392,350,350,,67,17
LTC34,LT_C,274,274,401,405,335,335,370,358,357,357,342,342,223,211,217,223,217,220,403,406,372,399,176,176,383,395,350,353,,67,17
LTC35,LT_C,276,278,403,403,335,338,370,358,354,357,342,345,232,211,217,217,223,223,400,403,345,372,170,176,389,392,350,359,,22,22
LTC36,LT_C,274,276,405,407,317,335,370,358,357,357,342,342,217,211,220,220,220,223,400,403,345,372,164,176,389,392,350,350,,79,15
LTC37,LT_C,272,274,405,405,335,335,370,385,357,357,342,342,217,226,220,253,214,220,403,406,345,372,164,179,392,392,350,359,,79,15
LTC38,LT_C,274,274,403,403,335,335,370,370,348,357,342,345,217,232,226,229,223,223,400,400,345,372,176,179,392,392,350,362,,66,25
LTC39,LT_C,274,274,403,405,0,0,370,370,357,357,342,342,217,232,214,214,220,223,400,409,345,372,164,164,392,398,350,350,,62,11
LTC40,LT_C,274,274,401,403,335,338,370,370,357,357,330,342,217,226,226,253,223,223,400,400,345,372,176,176,389,392,350,350,,70,23
LTC41,LT_C,274,276,403,405,335,335,370,370,357,357,342,342,217,211,214,226,220,223,403,409,345,372,176,179,392,398,350,350,,68,6
LTC42,LT_C,274,274,405,405,335,335,370,370,357,357,342,342,226,211,217,217,223,223,403,409,345,372,173,179,392,392,350,362,,77,4
LTC43,LT_C,274,274,405,407,335,335,370,370,357,357,330,342,217,232,226,253,220,220,400,409,345,372,164,176,392,392,350,350,,64,17
LTC44,LT_C,276,278,401,403,335,335,370,370,351,357,342,345,226,232,226,253,220,223,403,412,345,372,167,176,389,392,350,350,,81,5
LTC45,LT_C,274,278,405,405,335,335,370,370,357,357,342,342,214,211,220,223,211,211,400,406,345,372,176,176,392,392,350,350,,83,22
LTC46,LT_C,274,274,403,405,332,335,370,370,357,357,342,342,223,229,214,217,217,217,400,409,345,372,164,179,395,398,350,350,,83,22
LTC47,LT_C,274,276,405,405,335,335,370,370,357,357,342,342,217,226,217,217,220,223,400,406,345,372,164,173,392,392,350,350,,83,22
LTC48,LT_C,274,274,403,405,335,335,370,370,357,357,342,342,217,211,217,217,214,223,409,409,345,372,164,179,389,392,350,350,,81,25
LTC49,LT_C,274,274,405,405,335,335,370,370,357,357,342,342,214,229,223,226,211,211,403,409,372,378,164,179,392,392,350,353,,89,23
LTC50,LT_C,274,274,405,405,335,335,370,370,357,357,342,342,214,229,223,226,211,211,403,409,345,372,182,194,0,0,365,368,,89,23
LTC51,LT_C,274,274,405,405,335,335,370,370,357,357,342,342,214,229,223,226,211,220,403,409,387,387,164,179,392,392,350,353,,89,23
LTC52,LT_C,274,274,403,405,0,0,0,0,357,357,0,0,217,211,217,226,214,220,403,403,0,0,164,179,392,398,350,350,,89,5
LTC53,LT_C,274,274,403,405,335,335,370,370,357,357,333,342,214,223,217,217,211,211,400,409,345,372,176,179,392,392,350,350,,72,2
LTC54,LT_C,270,274,405,407,335,335,370,370,351,357,342,342,232,211,217,217,220,220,400,403,345,372,176,179,392,395,350,350,,81,6
LTC55,LT_C,274,276,405,405,335,338,370,370,357,357,342,342,217,226,217,217,223,223,400,400,345,372,167,179,392,392,353,359,,91,12
LTC56,LT_C,272,274,403,405,335,335,370,370,357,369,336,345,232,238,226,226,214,223,400,403,345,372,164,164,386,392,350,353,,87,19
LTC57,LT_C,274,274,405,407,335,335,370,370,357,357,330,342,217,211,217,220,220,223,400,403,345,372,164,176,392,395,350,359,,87,27
LTC58,LT_C,274,276,405,407,335,335,370,370,351,357,342,342,217,211,214,217,214,223,400,409,345,372,176,176,392,392,350,350,,49,4
LTC59,LT_C,274,274,403,405,335,338,370,370,357,357,342,342,226,232,226,253,214,220,403,409,345,372,164,167,392,398,353,359,,86,10
LTC60,LT_C,274,274,405,405,335,335,370,370,357,357,342,342,217,211,217,226,220,223,400,403,0,0,164,179,392,392,353,353,,95,27
LTC61,LT_C,274,280,401,403,335,335,370,370,351,357,342,342,232,211,211,217,214,223,403,403,345,372,164,176,392,392,359,359,,93,6
LTC62,LT_C,274,274,405,405,335,338,370,370,345,357,342,348,217,238,229,229,220,223,409,409,345,372,167,176,392,398,350,350,,58,24
LTC63,LT_C,274,274,403,405,335,335,370,370,348,351,342,342,226,232,217,217,223,223,403,409,345,372,176,179,392,392,350,350,,61,5
LTC64,LT_C,274,274,405,407,335,338,370,370,357,357,333,342,0,0,217,217,223,250,403,409,372,399,164,164,377,392,350,359,,91,17
LTC65,LT_C,0,0,403,405,335,335,370,370,357,357,339,342,217,232,217,226,220,223,400,400,345,372,170,176,392,392,350,350,,75,26
ZGA1,ZG_A,278,278,421,427,335,335,364,364,357,357,342,348,233,242,208,208,221,224,409,409,345,372,170,170,386,386,350,350,,2.707,1
ZGA2,ZG_A,278,282,423,423,335,338,364,364,357,357,342,348,233,233,208,223,224,224,409,409,345,372,170,170,392,392,350,350,,4.1,1.2
ZGA3,ZG_A,278,282,423,423,335,338,364,364,357,357,342,348,233,233,208,223,224,224,409,409,345,372,170,170,392,392,350,350,,13.2,8.2
ZGA4,ZG_A,278,282,423,423,335,335,364,364,351,357,333,342,233,233,214,217,215,224,400,409,345,372,170,182,392,392,350,350,,9.3,3.5
ZGA5,ZG_A,278,280,419,427,335,335,364,364,357,357,342,342,233,233,208,217,224,224,409,409,345,372,170,182,392,392,350,350,,20.5,0
ZGA6,ZG_A,280,280,423,423,335,335,364,364,357,357,342,342,233,242,208,217,215,221,409,409,345,372,170,170,383,392,350,350,,3.5,9.5
ZGA7,ZG_A,278,278,419,427,335,335,364,364,351,357,330,342,233,248,217,250,224,224,406,406,342,345,170,170,392,392,350,350,,5.2,8.1
ZGA8,ZG_A,278,278,421,427,335,344,364,364,357,357,339,342,242,248,217,223,215,215,403,409,345,372,170,170,383,392,350,350,,1.8,15.5
ZGA9,ZG_A,278,278,421,433,335,338,364,364,351,357,342,342,233,242,217,217,215,221,403,409,372,375,173,185,389,389,350,350,,6,15.5
ZGA10,ZG_A,278,278,421,427,335,338,364,364,357,357,342,348,233,248,208,208,215,224,403,409,345,351,170,170,383,392,353,350,,6,15.5
ZGA11,ZG_A,278,282,421,427,335,335,364,364,351,357,348,348,233,248,217,250,221,221,400,400,345,372,173,185,392,392,350,359,,6,15.5
ZGA12,ZG_A,278,278,423,430,335,335,364,364,357,357,339,342,233,242,217,220,215,221,400,400,345,372,170,182,389,392,350,353,,24,22
ZGA13,ZG_A,278,278,423,430,335,335,364,364,357,357,339,342,233,242,217,220,215,221,400,400,345,372,170,182,389,392,350,353,,18,23
ZGA14,ZG_A,278,278,421,427,335,335,364,364,351,357,339,342,233,242,208,217,215,221,400,409,345,372,170,182,389,389,350,353,,23,24
ZGA15,ZG_A,278,278,421,427,335,335,364,364,351,357,339,342,233,242,208,217,215,221,400,409,345,372,170,182,389,389,350,353,,25,25
ZGA16,ZG_A,278,278,421,427,335,335,364,364,351,357,339,342,233,242,208,217,215,221,400,409,345,372,170,182,389,389,350,353,,26.5,22
ZGA17,ZG_A,278,278,421,427,335,335,364,364,351,357,339,342,233,242,208,217,215,221,400,409,345,372,170,182,389,389,350,353,,26,24
ZGA18,ZG_A,278,280,421,427,335,335,364,364,357,363,339,342,233,248,217,220,215,221,397,412,345,372,182,185,389,392,350,350,,15,22
ZGA19,ZG_A,278,280,421,421,335,335,364,364,357,357,342,348,242,242,217,220,221,224,400,409,345,372,170,182,392,392,350,359,,5,24
ZGA20,ZG_A,278,278,421,421,335,338,364,364,357,357,339,342,242,242,208,208,206,215,400,409,345,372,173,182,392,392,350,350,,32,7
ZGA21,ZG_A,276,278,423,423,335,335,361,364,351,357,342,342,242,248,217,250,0,0,406,409,345,372,170,170,389,392,350,350,,32,7
ZGA22,ZG_A,278,280,421,427,335,335,364,364,351,357,342,348,233,233,208,250,221,224,403,409,345,372,170,170,392,392,359,350,,32,7
ZGA23,ZG_A,278,278,421,427,335,335,364,364,357,357,333,342,248,248,208,217,215,224,403,409,345,372,170,182,383,392,350,353,,32,7
ZGA24,ZG_A,278,278,421,421,335,338,364,364,357,357,342,342,242,248,208,223,215,221,409,409,345,372,170,185,392,392,350,350,,30,9
ZGA25,ZG_A,278,278,419,427,332,335,364,364,357,363,339,339,242,248,214,217,215,221,403,409,345,372,170,182,392,392,350,353,,31,10
ZGA26,ZG_A,278,278,419,427,332,335,364,364,357,363,339,339,242,248,214,217,215,221,403,409,345,372,170,182,392,392,350,353,,33,11
ZGA27,ZG_A,278,278,423,423,335,335,364,364,357,357,342,342,242,248,208,208,215,221,400,409,345,372,170,170,392,401,350,350,,30,11
ZGA28,ZG_A,278,278,421,427,335,335,364,364,351,369,342,342,233,242,223,250,221,221,397,400,345,372,170,182,392,392,350,350,,27,13
ZGA29,ZG_A,278,278,421,427,335,335,364,364,351,369,342,342,233,242,223,250,221,221,397,400,345,372,170,182,392,392,350,350,,32,13
ZGA30,ZG_A,278,282,423,423,332,335,364,364,357,357,339,348,233,242,208,241,215,221,400,409,345,360,170,182,392,392,350,350,,34,14
ZGA31,ZG_A,278,278,421,427,335,335,364,364,357,357,342,342,230,242,217,250,215,215,400,409,345,372,170,182,392,392,350,350,,36.5,14
ZGA32,ZG_A,278,278,421,433,335,335,364,364,357,357,342,348,248,248,205,217,224,224,400,409,345,372,170,170,392,392,350,353,,41,10
ZGA33,ZG_A,278,278,423,423,335,338,364,364,351,357,342,342,242,242,208,217,215,221,400,403,345,372,170,182,383,392,350,350,,41,10
ZGA34,ZG_A,278,282,419,427,335,335,364,364,357,363,342,342,242,248,217,217,221,221,400,409,345,372,173,182,383,395,350,356,,41,10
ZGA35,ZG_A,278,278,423,423,335,335,364,364,357,357,342,354,242,242,208,217,215,221,400,403,345,372,170,170,377,392,353,356,,41,8
ZGA36,ZG_A,278,278,425,433,335,335,364,364,357,357,342,348,242,248,208,208,221,224,403,403,345,372,170,182,392,392,350,356,,40,7
ZGA37,ZG_A,274,282,423,423,335,335,364,364,351,357,330,342,233,248,208,223,221,224,403,409,345,372,170,170,392,401,350,350,,45,4.5
ZGA38,ZG_A,278,278,419,427,335,335,364,364,357,363,342,342,248,248,217,217,215,221,409,409,345,372,173,182,389,395,350,350,,44.5,1.8
ZGA39,ZG_A,278,278,419,427,335,335,364,364,357,363,342,342,248,248,217,217,215,221,409,409,345,372,173,182,389,395,350,350,,41,6
ZGA40,ZG_A,276,282,421,421,335,335,364,364,357,360,342,342,242,242,217,217,221,224,403,409,345,372,170,170,392,392,350,350,,39,2.5
ZGA41,ZG_A,278,278,421,421,332,335,364,364,351,357,348,348,233,242,211,220,224,224,403,403,345,372,170,182,392,392,350,359,,46,10
ZGA42,ZG_A,278,278,425,425,335,335,364,364,351,357,339,348,242,248,217,220,215,221,400,409,342,345,170,182,392,392,350,359,,48,17
ZGA43,ZG_A,276,278,423,423,335,335,364,364,351,351,342,342,233,248,217,250,221,224,403,409,345,372,170,170,377,392,350,350,,48,17
ZGA44,ZG_A,278,278,421,427,335,335,364,364,351,351,342,342,233,242,208,241,215,224,400,409,345,372,170,170,392,392,350,350,,49,20
ZGA45,ZG_A,276,276,423,423,335,338,364,364,351,357,342,342,233,242,250,250,221,224,403,406,345,372,170,170,392,392,350,356,,49,20
ZGA46,ZG_A,276,278,421,421,335,335,364,364,357,357,342,348,242,248,217,250,224,224,400,403,345,372,170,182,383,392,350,359,,49,20
ZGA47,ZG_A,278,278,419,419,335,335,364,364,357,357,339,342,233,242,208,220,224,224,403,409,345,372,170,170,392,392,350,353,,44,22
ZGA48,ZG_A,278,278,423,423,335,335,364,364,357,357,342,342,242,242,208,220,215,221,403,409,345,372,170,170,392,395,350,359,,44,22
ZGA49,ZG_A,278,278,421,427,335,335,364,364,348,357,330,342,242,248,208,217,221,224,400,409,342,345,182,182,389,401,350,350,,44,22
ZGA50,ZG_A,278,278,421,427,317,335,364,364,351,357,342,342,233,242,217,223,224,224,409,409,345,372,173,182,383,392,350,359,,44,20
ZGA51,ZG_A,278,280,423,423,332,335,364,364,351,357,339,348,242,242,217,250,221,221,409,409,345,372,173,182,392,392,350,356,,31,25
ZGA52,ZG_A,278,282,421,427,335,335,364,379,351,357,339,342,233,248,217,223,224,224,403,409,345,372,182,182,392,392,350,353,,73.5,1.2
ZGA53,ZG_A,308,308,423,423,335,335,364,364,357,357,342,342,233,248,217,250,221,224,403,409,345,372,170,185,392,392,350,350,,71,1.2
ZGA54,ZG_A,270,270,0,0,335,335,0,0,357,363,342,348,233,242,250,250,215,224,403,409,345,372,170,170,392,398,350,359,,68,2
ZGA55,ZG_A,278,278,419,430,335,335,364,364,345,357,342,342,242,248,208,220,215,215,403,409,345,351,182,185,389,392,350,359,,66.5,3
ZGA56,ZG_A,278,278,419,427,317,335,364,364,357,357,339,342,242,248,217,220,215,221,403,403,345,372,170,185,392,398,359,362,,54,3
ZGA57,ZG_A,278,278,419,427,317,335,364,364,357,357,339,342,242,248,217,220,215,221,403,403,345,372,170,185,392,398,359,362,,52.5,16
ZGA58,ZG_A,278,278,421,421,335,335,364,364,351,357,342,342,242,248,217,217,215,221,400,409,345,372,170,182,392,392,350,350,,52,10
ZGA59,ZG_A,278,278,421,421,335,335,364,364,351,357,342,342,242,248,217,217,215,221,400,409,345,372,170,182,392,392,350,350,,52,9
ZGA60,ZG_A,278,278,421,433,335,335,364,364,357,357,342,348,233,242,208,217,221,221,409,409,345,372,170,170,392,392,350,359,,62,9
ZGA61,ZG_A,278,278,423,423,335,335,364,364,363,369,342,348,233,242,208,250,221,224,400,409,345,372,170,182,392,392,350,359,,62,9
ZGA62,ZG_A,0,0,0,0,335,335,0,0,357,357,342,342,242,242,208,250,215,221,400,409,345,372,170,182,389,392,350,350,,58.5,11.5
ZGA63,ZG_A,278,280,421,427,335,335,364,364,357,357,342,354,233,242,217,220,0,0,403,409,345,372,170,185,392,392,359,359,,60.5,12.5
ZGA64,ZG_A,278,282,423,423,335,335,364,364,354,357,342,345,233,233,250,250,215,221,403,403,345,372,182,185,383,392,350,353,,69,4
ZGA65,ZG_A,278,278,423,423,335,335,364,364,357,357,339,342,233,242,208,241,215,221,403,403,345,351,170,170,383,392,350,359,,69,4
ZGA66,ZG_A,278,278,421,427,335,335,364,364,351,351,342,348,242,242,205,208,221,224,409,409,345,372,170,170,392,392,350,350,,69,7
ZGA67,ZG_A,278,280,421,433,335,335,364,364,351,357,342,342,233,233,217,223,224,224,403,409,345,354,182,182,392,401,350,350,,61,18
ZGA68,ZG_A,278,280,421,433,335,335,364,364,351,357,342,342,233,233,217,223,224,224,403,409,345,354,182,182,392,401,350,350,,58,18
ZGA69,ZG_A,278,280,421,433,335,335,364,364,351,357,342,342,233,233,217,223,224,224,403,409,345,354,182,182,392,401,350,350,,57,22
ZGA70,ZG_A,278,278,423,423,335,335,364,364,357,357,339,339,233,242,223,250,221,224,403,409,345,372,170,173,392,392,350,350,,57,18
ZGA71,ZG_A,278,278,419,427,335,338,364,364,357,357,342,348,233,233,208,250,221,221,400,409,345,372,182,182,383,392,350,350,,54,21
ZGA72,ZG_A,282,282,419,419,335,338,364,364,357,363,345,348,233,248,208,208,221,221,400,400,345,372,182,182,383,392,350,350,,99.5,10
ZGB1,ZG_B,276,278,419,427,335,335,364,364,351,357,333,348,242,242,208,208,221,224,409,409,345,372,170,185,377,392,353,359,,4,2
ZGB2,ZG_B,278,278,421,427,335,338,364,364,351,357,342,348,236,236,208,217,215,221,403,409,345,360,170,182,389,392,350,350,,9.3,2.7
ZGB3,ZG_B,276,276,421,427,335,335,364,364,351,357,348,348,233,233,217,250,215,224,400,400,345,372,170,182,377,392,350,359,,16,1
ZGB4,ZG_B,282,282,419,424,335,338,364,364,354,357,330,342,233,233,217,217,215,221,403,409,345,372,170,170,392,392,350,350,,22,4
ZGB5,ZG_B,278,278,421,427,335,338,364,364,351,357,342,348,242,248,223,250,221,221,400,400,342,345,170,182,383,392,350,350,,15,7
ZGB6,ZG_B,278,278,421,427,335,335,364,364,357,363,342,348,233,233,208,217,215,224,400,409,342,351,182,182,383,392,350,350,,16,10
ZGB7,ZG_B,276,278,421,421,335,335,364,364,357,357,339,342,233,248,208,250,224,224,409,409,345,372,170,173,377,392,350,356,,13,12
ZGB8,ZG_B,278,278,421,421,332,335,364,364,357,363,342,348,233,233,220,223,221,224,400,409,345,372,170,173,392,392,353,359,,17,14
ZGB9,ZG_B,278,278,421,421,335,335,364,364,351,357,342,342,242,242,217,250,215,224,400,403,345,372,182,185,389,389,350,350,,16,12
ZGB10,ZG_B,278,278,421,421,335,338,364,364,351,357,342,342,242,242,217,217,221,224,409,409,345,372,182,185,392,398,350,350,,4.5,10
ZGB11,ZG_B,276,278,421,427,335,338,364,364,357,363,339,342,233,242,217,220,221,224,403,412,345,372,182,182,392,401,350,350,,4.5,10
ZGB12,ZG_B,278,278,425,425,335,335,364,364,357,357,342,342,233,233,208,217,215,221,409,409,345,372,170,182,383,383,350,359,,4.5,10
ZGB13,ZG_B,278,278,421,430,335,335,364,364,357,357,342,342,233,233,217,220,221,221,400,409,345,372,170,182,383,392,350,350,,4.5,10
ZGB14,ZG_B,278,278,421,423,317,335,364,364,351,357,342,348,233,248,208,208,215,221,400,403,345,372,170,182,383,392,350,359,,3.5,16
ZGB15,ZG_B,278,278,421,423,317,335,364,364,351,357,342,348,233,248,208,208,215,221,400,403,345,372,170,182,383,392,350,359,,2,18
ZGB16,ZG_B,278,278,419,427,335,338,364,364,357,357,333,348,242,248,217,220,224,224,403,409,345,351,170,182,392,392,350,359,,17,16
ZGB17,ZG_B,274,278,423,423,335,335,364,364,351,357,339,339,233,242,208,241,215,221,409,409,345,372,173,185,392,395,350,350,,22,24.5
ZGB18,ZG_B,276,276,419,427,335,335,364,364,351,351,342,342,233,242,220,250,221,221,403,409,345,351,182,182,392,392,353,359,,22,19
ZGB19,ZG_B,276,278,419,427,335,335,364,364,351,357,330,342,242,248,217,250,215,221,403,403,345,372,170,182,392,401,350,362,,45,12
ZGB20,ZG_B,0,0,0,0,335,338,0,0,351,363,333,342,233,248,205,208,221,224,400,409,345,351,170,170,392,395,350,350,,50,3
ZGB21,ZG_B,278,278,423,423,335,335,364,364,351,357,339,339,233,242,208,208,0,0,409,409,345,372,182,185,392,392,350,353,,54,15
ZGB22,ZG_B,278,284,419,424,335,335,364,364,357,363,342,342,233,242,217,223,221,227,400,409,345,372,167,182,392,392,350,350,,68,24
ZGB23,ZG_B,278,284,419,424,335,335,364,364,357,363,342,342,233,242,217,223,221,227,400,409,345,372,167,182,392,392,350,350,,70,23
ZGB24,ZG_B,0,0,0,0,335,335,0,0,351,357,339,348,233,233,220,250,221,221,400,400,345,372,170,182,392,392,353,359,,74.5,24
ZGB25,ZG_B,278,278,421,427,335,335,361,364,357,357,342,342,233,242,208,250,215,221,400,403,345,372,182,182,392,392,350,359,,74.5,6
ZGB26,ZG_B,278,278,421,427,335,335,361,364,357,357,342,342,233,242,208,250,215,221,400,403,345,372,182,182,392,392,350,359,,75,7
ZGB27,ZG_B,274,274,421,421,335,335,364,364,357,357,342,348,233,242,208,250,221,224,403,409,345,372,182,185,392,392,350,350,,74.5,1
ZGB28,ZG_B,278,280,421,427,335,335,364,364,351,357,339,348,233,248,214,217,221,224,403,409,345,372,170,182,392,392,350,353,,79.5,2
ZGB29,ZG_B,274,280,423,423,335,338,364,364,351,357,342,354,233,233,208,217,221,221,400,412,345,372,182,182,392,392,350,359,,79.5,2
ZGB30,ZG_B,274,278,423,423,335,335,364,364,357,369,339,342,242,242,208,220,221,221,409,409,345,372,170,185,392,392,350,350,,79.5,2
ZGB31,ZG_B,278,278,423,423,335,338,364,364,357,357,339,342,233,242,211,211,215,224,400,409,345,372,170,185,383,392,350,353,,88,0
ZGB32,ZG_B,278,278,423,430,335,335,364,364,357,357,339,342,233,233,208,217,221,224,400,403,345,372,182,185,377,392,350,359,,90,2
ZGB33,ZG_B,280,280,423,423,335,338,364,364,357,369,339,345,242,248,208,208,224,224,400,409,345,348,170,170,389,392,350,359,,96,5.5
ZGB34,ZG_B,278,280,419,424,335,338,364,364,357,357,339,342,233,242,208,217,221,221,406,409,345,372,170,182,383,392,350,350,,99.5,5.5
ZGB35,ZG_B,274,278,421,427,335,335,364,364,357,357,348,354,233,242,208,208,221,221,409,409,345,372,182,182,392,392,350,350,,99.5,5.5
ZGB36,ZG_B,278,280,421,427,335,338,364,364,348,357,339,342,233,248,208,208,221,224,406,409,345,372,170,182,383,392,350,350,,99.5,5.5
ZGB37,ZG_B,278,278,423,423,335,338,364,364,357,357,339,342,233,248,208,241,221,221,409,412,345,372,170,185,392,392,350,350,,96,8.5
ZGB38,ZG_B,278,278,421,427,335,335,364,364,351,351,342,354,233,242,208,208,221,224,403,409,345,351,182,185,383,392,350,350,,90,15
ZGB39,ZG_B,278,278,421,427,335,335,364,364,351,357,342,348,233,242,205,217,221,224,403,409,345,351,170,170,389,392,350,359,,86,6
ZGB40,ZG_B,278,278,421,427,335,335,364,364,357,357,342,348,242,242,205,208,215,224,403,403,345,351,170,182,389,392,350,350,,86,6
ZGB41,ZG_B,276,278,421,427,335,335,364,364,357,357,342,342,242,242,205,208,215,224,400,403,345,351,164,170,383,389,350,350,,86,6
ZGB42,ZG_B,276,278,421,427,335,335,364,364,351,357,345,354,242,248,220,223,221,224,400,409,345,351,170,182,392,398,353,353,,76.5,13
ZGB43,ZG_B,276,278,419,424,335,335,364,364,357,363,330,348,242,248,211,220,215,221,400,403,345,372,170,182,392,392,350,359,,80.5,16
ZGB44,ZG_B,278,278,421,421,335,335,364,364,357,369,342,342,233,248,208,217,215,224,403,409,345,372,170,170,392,392,350,350,,86,15
ZGB45,ZG_B,276,278,421,421,335,335,364,364,357,357,342,342,242,242,208,214,215,224,400,403,345,351,170,182,392,392,350,350,,86,15
ZGB46,ZG_B,278,278,421,427,335,335,364,364,351,357,339,342,233,242,208,208,215,221,400,412,345,372,170,170,392,392,350,350,,96,12
ZGB47,ZG_B,278,282,421,427,338,335,364,364,357,363,342,348,233,242,220,223,215,221,409,403,342,345,182,182,377,392,350,359,,94,14
ZGB48,ZG_B,278,278,423,423,335,335,364,364,351,363,342,348,233,248,223,223,221,224,400,409,345,372,170,170,392,392,350,353,,97,16
ZGB49,ZG_B,278,278,423,423,335,335,364,364,351,357,342,348,233,242,217,217,215,224,400,409,345,372,182,185,383,398,350,356,,78.5,18
ZGB50,ZG_B,276,280,421,421,335,335,364,364,357,357,342,345,230,233,208,208,221,224,409,409,345,351,170,170,389,398,350,350,,97,21
ZGB51,ZG_B,278,278,421,421,335,335,364,364,357,357,339,342,233,248,0,0,0,0,400,409,345,372,170,170,392,392,350,350,,82,19
ZGB52,ZG_B,278,278,423,439,335,335,373,373,357,357,342,342,242,242,208,217,215,224,403,403,345,372,170,182,392,401,350,350,,82,19
ZGB53,ZG_B,278,278,425,425,335,335,364,364,357,357,339,342,242,248,217,217,224,224,400,409,345,372,170,170,392,392,350,359,,82,19
ZGB54,ZG_B,278,278,421,427,335,335,364,379,357,363,330,342,248,248,211,217,215,221,403,403,345,372,170,170,392,401,350,350,,82,19
ZGB55,ZG_B,278,278,419,424,335,335,364,364,357,369,342,348,248,248,208,220,221,224,400,409,345,372,170,182,392,392,350,350,,77,19
ZGB56,ZG_B,278,278,421,421,335,338,364,364,357,357,342,345,248,248,217,217,0,0,400,409,345,372,170,182,392,392,350,353,,77,24
ZGC1,ZG_C,278,280,421,421,335,335,364,364,357,357,342,348,233,248,208,223,224,224,400,409,345,372,170,182,392,392,350,353,,2,2
ZGC2,ZG_C,278,280,421,427,335,335,364,364,357,357,339,339,248,248,208,217,221,224,400,409,345,351,182,182,380,392,353,359,,5.5,2.5
ZGC3,ZG_C,278,280,421,427,335,335,364,364,357,357,339,339,248,248,208,217,221,224,400,409,345,351,182,182,380,392,353,359,,13,4
ZGC4,ZG_C,278,278,423,423,335,335,364,364,351,357,342,342,242,248,208,208,221,224,400,409,345,351,170,182,392,392,350,359,,15.9,1.8
ZGC5,ZG_C,280,280,419,427,332,338,364,364,0,0,342,348,0,0,217,223,221,221,406,409,345,372,170,185,380,392,353,353,,24,3
ZGC6,ZG_C,280,280,419,427,332,338,364,364,0,0,342,348,0,0,217,223,221,221,406,409,345,372,170,185,380,392,353,353,,5.5,2.5
ZGC7,ZG_C,280,280,423,423,335,335,364,364,0,0,339,342,0,0,208,208,215,221,400,403,351,378,170,182,392,392,350,359,,23,18
ZGC8,ZG_C,280,280,423,423,335,335,364,364,0,0,339,342,0,0,208,208,215,221,400,403,351,378,170,182,392,392,350,359,,18,18
ZGC9,ZG_C,280,280,423,423,335,335,364,364,0,0,339,342,0,0,208,208,215,221,400,403,351,378,170,182,392,392,350,359,,28,19
ZGC10,ZG_C,276,280,421,427,335,335,364,364,357,357,342,342,230,230,217,250,221,221,400,400,345,372,170,170,392,392,350,350,,18,21
ZGC11,ZG_C,276,278,423,433,335,335,364,364,351,357,333,342,233,248,208,208,215,224,403,409,345,372,170,182,392,392,350,353,,15,20
ZGC12,ZG_C,274,278,421,430,335,335,364,364,357,357,342,342,230,248,208,217,221,224,409,409,345,372,170,173,392,392,350,359,,11,23
ZGC13,ZG_C,278,280,423,423,335,335,364,364,0,0,330,348,0,0,208,208,206,215,403,409,345,351,170,170,389,392,350,356,,11,23
ZGC14,ZG_C,278,278,419,430,335,338,364,364,357,363,342,342,242,242,208,217,221,224,409,409,345,351,170,185,392,392,353,359,,8,21
ZGC15,ZG_C,278,280,419,427,335,335,364,364,357,363,333,342,242,248,208,208,215,224,400,409,345,372,170,170,392,392,350,359,,3,22
ZGC16,ZG_C,278,280,419,427,335,335,0,0,357,357,342,342,233,242,217,229,221,224,400,403,342,345,176,182,392,392,350,350,,3,22
ZGC17,ZG_C,280,284,419,427,335,335,364,364,357,357,342,348,233,242,205,217,215,221,400,406,345,360,170,182,389,389,350,353,,3,22
ZGC18,ZG_C,278,280,423,423,335,335,364,364,351,357,339,339,233,248,220,223,221,221,409,409,345,372,176,185,392,398,350,353,,35.8,3.5
ZGC19,ZG_C,278,280,423,423,335,335,364,364,351,357,339,339,233,248,220,223,221,221,409,409,345,372,176,185,392,398,350,353,,36,1
ZGC20,ZG_C,278,280,421,421,335,335,364,364,351,357,342,348,233,242,208,217,215,221,400,409,345,372,170,170,389,392,350,350,,48.5,8
ZGC21,ZG_C,278,284,423,423,317,335,364,364,351,354,342,342,242,248,208,223,221,224,403,409,345,372,170,182,380,389,350,359,,49,14
ZGC22,ZG_C,278,284,423,423,317,335,364,364,351,354,342,342,242,248,208,223,221,224,403,409,345,372,170,182,380,389,350,359,,41,15
ZGC23,ZG_C,0,0,0,0,335,335,0,0,354,357,342,342,242,248,208,208,215,221,403,409,345,372,170,182,389,398,359,359,,41,15
ZGC24,ZG_C,278,278,421,427,335,338,364,364,351,357,339,342,233,242,205,208,224,224,409,409,345,372,170,182,392,392,353,359,,33,18
ZGC25,ZG_C,278,278,421,427,335,335,0,0,351,357,342,348,233,233,208,217,224,224,403,409,345,372,170,170,392,392,0,0,,31,23
ZGC26,ZG_C,278,280,423,423,332,335,364,364,351,357,342,348,233,233,208,208,221,221,400,403,345,351,170,182,392,392,350,359,,31,23
ZGC27,ZG_C,278,278,423,430,335,335,364,364,357,357,339,345,242,248,208,250,221,224,400,400,345,372,182,182,377,392,350,359,,36.5,25
ZGC28,ZG_C,278,278,427,427,335,335,364,364,357,357,342,342,230,233,208,217,215,221,409,409,345,372,170,185,392,392,350,350,,36.5,25
ZGC29,ZG_C,280,284,419,427,335,338,364,364,357,357,342,348,233,242,217,217,221,221,406,406,345,372,170,185,389,392,353,353,,44,23.5
ZGC30,ZG_C,278,278,423,423,335,338,364,364,357,363,342,342,233,242,217,250,221,221,409,409,345,348,170,170,392,392,350,359,,48.5,22
ZGC31,ZG_C,0,0,423,423,335,335,364,364,357,357,339,342,233,242,208,220,215,221,403,409,345,372,170,185,392,392,350,350,,48.5,22
ZGC32,ZG_C,278,280,423,423,335,335,364,364,357,357,342,342,248,248,214,220,221,221,403,403,345,351,170,182,392,395,350,350,,48.5,22
ZGC33,ZG_C,278,278,421,427,335,338,364,364,351,357,342,342,233,248,211,250,221,224,400,403,345,372,170,182,392,392,350,350,,51.5,5
ZGC34,ZG_C,278,278,419,424,335,335,364,364,357,357,339,342,233,242,208,208,215,215,409,409,345,351,170,182,386,392,350,359,,55,5.5
ZGC35,ZG_C,276,280,421,427,332,335,364,364,357,357,342,348,233,248,217,217,221,224,403,409,345,372,170,182,392,395,350,350,,55,5.5
ZGC36,ZG_C,276,280,421,427,332,335,364,364,357,357,342,348,233,248,217,217,221,224,403,409,345,372,170,182,392,395,350,350,,58,5.5
ZGC37,ZG_C,276,280,423,423,335,335,364,364,357,363,342,342,248,248,208,217,215,221,403,409,345,351,170,170,383,392,350,350,,58,5.5
ZGC38,ZG_C,276,280,421,427,335,335,364,364,351,357,342,348,233,242,208,241,221,224,409,409,345,360,170,173,392,392,350,359,,59.5,8.5
ZGC39,ZG_C,278,278,421,427,335,335,364,364,0,0,339,342,0,0,205,223,224,224,403,403,345,372,170,170,389,389,350,359,,59,10
ZGC40,ZG_C,278,278,423,423,335,335,364,364,354,357,342,342,242,248,208,217,221,221,409,409,345,372,170,170,392,398,350,356,,52.5,16
ZGC41,ZG_C,278,282,421,427,335,338,364,364,351,363,339,339,242,248,208,220,0,0,400,409,345,372,170,182,392,392,350,350,,59,16
ZGC42,ZG_C,274,278,421,421,335,335,364,364,357,357,342,348,233,233,208,241,224,224,400,409,345,348,170,170,392,398,350,353,,67,7
ZGC43,ZG_C,274,278,421,421,335,335,364,364,357,357,342,348,233,233,208,241,224,224,400,409,345,348,170,170,392,398,350,353,,70,7
ZGC44,ZG_C,278,278,421,430,335,335,364,364,351,351,333,342,233,233,217,217,206,221,403,409,345,372,170,170,392,392,359,359,,73,5
ZGC45,ZG_C,276,278,421,427,335,335,364,364,357,357,342,342,242,242,208,241,221,221,400,403,345,372,170,185,389,389,350,350,,62,11
ZGC46,ZG_C,276,278,423,423,332,335,364,364,357,357,339,342,233,233,208,217,215,224,403,409,345,351,170,182,392,392,350,359,,71,19
ZGC47,ZG_C,274,282,423,423,338,335,364,364,357,363,339,342,242,248,208,208,221,224,400,409,345,351,170,170,392,392,350,353,,61,20
ZGC48,ZG_C,278,278,421,421,335,335,364,364,351,351,339,348,233,242,220,250,221,221,403,409,345,372,170,182,392,392,350,350,,61,20
ZGC49,ZG_C,278,278,421,421,335,335,373,373,0,0,342,342,0,0,217,250,221,224,400,409,345,372,182,182,392,392,350,353,,63.5,22
ZGC50,ZG_C,278,278,421,421,335,338,364,364,354,357,342,342,233,233,217,217,215,221,409,409,345,372,182,185,392,392,350,350,,62,25
ZGC51,ZG_C,278,278,423,423,335,338,364,364,351,357,336,342,242,248,208,241,215,224,400,409,345,372,170,182,392,392,350,359,,67,21
ZGC52,ZG_C,278,278,421,421,335,335,364,364,351,357,342,342,233,233,217,232,215,215,409,409,345,351,170,173,392,392,350,350,,73,18
ZGC53,ZG_C,278,280,423,433,335,338,364,364,357,357,333,342,233,242,205,220,221,221,400,409,345,372,173,182,389,392,350,350,,73,18
ZGC54,ZG_C,278,278,421,427,335,335,364,364,357,357,342,342,233,242,220,232,215,215,409,409,345,348,170,170,389,392,350,359,,80,21
ZGC55,ZG_C,280,280,419,424,335,335,364,364,351,357,342,342,233,233,217,220,221,221,403,409,345,351,170,182,392,392,350,350,,80,21
ZGC56,ZG_C,278,278,423,423,335,335,364,364,357,357,342,342,233,248,208,223,215,221,400,409,345,372,170,182,380,392,350,350,,80,21
ZGC57,ZG_C,278,278,421,427,335,335,364,364,357,357,342,342,233,233,205,217,215,221,409,409,345,372,170,173,392,392,350,353,,84,23
ZGC58,ZG_C,278,278,421,427,335,335,364,364,357,357,342,342,233,233,205,217,215,221,409,409,345,372,170,173,392,392,350,353,,89,23
ZGC59,ZG_C,278,278,423,423,335,335,364,364,351,357,342,342,233,242,205,250,221,221,400,409,345,372,170,170,392,392,350,356,,93,13
ZGC60,ZG_C,278,278,423,423,335,335,364,364,357,357,339,339,242,248,208,217,224,224,406,409,345,372,170,170,383,392,350,350,,97.5,21
ZGC61,ZG_C,278,278,423,423,335,335,364,364,357,357,339,339,242,248,208,217,224,224,406,409,345,372,170,170,383,392,350,350,,94.5,23.5
ZGC62,ZG_C,276,278,423,423,335,335,364,364,357,357,339,342,233,233,208,232,215,221,400,409,345,372,170,182,383,392,350,359,,88,13
ZGC63,ZG_C,278,278,423,430,335,335,364,364,348,357,342,348,233,248,208,208,215,224,403,409,342,345,170,182,383,392,350,353,,88,13
ZGC64,ZG_C,278,278,419,427,335,335,364,364,357,357,342,348,248,248,205,217,215,221,403,409,345,372,182,182,389,392,350,350,,88,13
ZGC65,ZG_C,278,278,419,427,335,335,364,364,357,357,342,348,248,248,205,217,215,221,403,409,345,372,182,182,389,392,350,350,,83,14.5
ZGC66,ZG_C,278,278,421,427,335,335,364,364,351,357,342,342,233,233,250,250,215,221,400,409,345,372,170,182,392,392,350,350,,83,12
ZGC67,ZG_C,276,278,421,421,338,338,364,364,357,357,348,348,233,242,217,217,215,221,400,409,345,372,170,182,392,392,350,356,,78,14.5
ZGC68,ZG_C,276,278,421,427,335,335,364,364,357,357,342,342,242,242,208,217,221,224,400,409,345,372,170,170,389,398,350,350,,78,14.5
ZGC69,ZG_C,278,278,421,430,335,335,364,364,348,357,333,339,242,248,208,223,224,224,409,409,345,372,170,182,392,392,350,353,,78,14.5
ZGC70,ZG_C,274,280,421,427,335,335,364,364,357,357,339,342,233,248,208,208,221,224,400,409,345,372,170,170,389,392,350,350,,77,12
ZGC71,ZG_C,278,278,419,424,335,335,364,364,357,363,330,348,248,248,211,220,215,221,400,403,345,372,170,182,392,392,350,359,,77,12
ZGC72,ZG_C,278,278,419,427,335,335,364,364,351,357,342,342,248,248,217,223,215,224,409,409,345,372,170,182,389,392,350,350,,82,8
ZGC73,ZG_C,278,278,423,423,335,335,364,364,357,357,342,348,242,248,205,205,215,221,409,409,345,372,170,182,392,392,350,350,,82,8
ZGC74,ZG_C,278,280,423,423,335,335,364,364,348,357,339,342,233,233,208,208,221,221,400,409,345,372,170,182,392,392,350,350,,84,10
ZGC75,ZG_C,278,282,419,419,335,335,364,364,351,357,339,342,242,248,208,217,221,224,403,409,345,372,182,182,389,392,350,356,,93,10
ZGC76,ZG_C,278,278,421,421,335,338,364,364,351,357,339,348,242,248,217,217,215,215,403,403,345,372,182,185,383,389,350,350,,93,10
ZGC77,ZG_C,276,278,423,423,335,335,364,364,357,357,339,348,242,248,208,211,224,224,403,409,345,372,173,182,389,392,350,350,,93,10
ZGC78,ZG_C,278,278,421,427,335,335,364,364,354,357,342,348,242,248,250,250,221,224,403,409,345,372,170,182,389,392,350,350,,97,8
ZGC79,ZG_C,278,278,421,421,335,335,364,364,357,357,339,339,242,242,208,217,221,221,406,409,345,351,170,182,389,392,350,350,,97,8
ZGC80,ZG_C,278,278,419,430,335,335,364,364,357,357,339,342,242,242,208,223,221,224,409,409,345,351,170,170,392,392,353,353,,97,8
ZGC81,ZG_C,276,278,423,423,335,335,364,364,357,357,342,348,233,233,208,208,206,215,400,409,345,351,170,170,389,392,350,350,,97,8
ZGC82,ZG_C,278,282,419,427,335,335,364,364,357,357,339,342,242,242,208,217,221,221,403,409,345,372,170,182,392,392,350,356,,97,3