1,73,,,,,,,,,,,,,,,,,,,,,,,,,,,,,,,,,,,,,,,,,,,,,,,,,,,,,,,,,,,,,,,,,,,,,,,,
,Sheet1,Geographic Distance,,,,,,,,,,,,,,,,,,,,,,,,,,,,,,,,,,,,,,,,,,,,,,,,,,,,,,,,,,,,,,,,,,,,,,,
ZGC1,ZGC2,ZGC3,ZGC4,ZGC5,ZGC6,ZGC7,ZGC8,ZGC9,ZGC10,ZGC11,ZGC12,ZGC13,ZGC14,ZGC15,ZGC16,ZGC17,ZGC18,ZGC19,ZGC20,ZGC21,ZGC22,ZGC23,ZGC24,ZGC25,ZGC26,ZGC27,ZGC28,ZGC29,ZGC30,ZGC31,ZGC32,ZGC33,ZGC34,ZGC35,ZGC36,ZGC37,ZGC38,ZGC39,ZGC40,ZGC41,ZGC42,ZGC43,ZGC44,ZGC45,ZGC46,ZGC47,ZGC48,ZGC49,ZGC50,ZGC51,ZGC52,ZGC53,ZGC54,ZGC55,ZGC56,ZGC57,ZGC58,ZGC59,ZGC60,ZGC61,ZGC62,ZGC63,ZGC64,ZGC65,ZGC66,ZGC67,ZGC68,ZGC69,ZGC70,ZGC71,ZGC72,ZGC73,
0.000,,,,,,,,,,,,,,,,,,,,,,,,,,,,,,,,,,,,,,,,,,,,,,,,,,,,,,,,,,,,,,,,,,,,,,,,,ZGC1
3.536,0.000,,,,,,,,,,,,,,,,,,,,,,,,,,,,,,,,,,,,,,,,,,,,,,,,,,,,,,,,,,,,,,,,,,,,,,,,ZGC2
13.901,10.424,0.000,,,,,,,,,,,,,,,,,,,,,,,,,,,,,,,,,,,,,,,,,,,,,,,,,,,,,,,,,,,,,,,,,,,,,,,ZGC3
22.023,18.507,8.188,0.000,,,,,,,,,,,,,,,,,,,,,,,,,,,,,,,,,,,,,,,,,,,,,,,,,,,,,,,,,,,,,,,,,,,,,,ZGC4
26.401,23.377,17.688,15.033,0.000,,,,,,,,,,,,,,,,,,,,,,,,,,,,,,,,,,,,,,,,,,,,,,,,,,,,,,,,,,,,,,,,,,,,,ZGC5
24.839,22.327,19.315,18.974,5.831,0.000,,,,,,,,,,,,,,,,,,,,,,,,,,,,,,,,,,,,,,,,,,,,,,,,,,,,,,,,,,,,,,,,,,,,ZGC6
22.204,19.912,18.222,19.235,8.246,3.162,0.000,,,,,,,,,,,,,,,,,,,,,,,,,,,,,,,,,,,,,,,,,,,,,,,,,,,,,,,,,,,,,,,,,,,ZGC7
22.847,21.225,21.759,23.854,13.000,7.280,5.000,0.000,,,,,,,,,,,,,,,,,,,,,,,,,,,,,,,,,,,,,,,,,,,,,,,,,,,,,,,,,,,,,,,,,,ZGC8
22.847,21.225,21.759,23.854,13.000,7.280,5.000,0.000,0.000,,,,,,,,,,,,,,,,,,,,,,,,,,,,,,,,,,,,,,,,,,,,,,,,,,,,,,,,,,,,,,,,,ZGC9
19.925,18.668,20.762,24.083,15.297,10.000,7.071,3.606,3.606,0.000,,,,,,,,,,,,,,,,,,,,,,,,,,,,,,,,,,,,,,,,,,,,,,,,,,,,,,,,,,,,,,,,ZGC10
20.025,19.660,23.968,28.320,20.396,15.033,12.166,8.062,8.062,5.099,0.000,,,,,,,,,,,,,,,,,,,,,,,,,,,,,,,,,,,,,,,,,,,,,,,,,,,,,,,,,,,,,,,ZGC11
20.025,19.660,23.968,28.320,20.396,15.033,12.166,8.062,8.062,5.099,0.000,0.000,,,,,,,,,,,,,,,,,,,,,,,,,,,,,,,,,,,,,,,,,,,,,,,,,,,,,,,,,,,,,,ZGC12
20.025,19.660,23.968,28.320,20.396,15.033,12.166,8.062,8.062,5.099,0.000,0.000,0.000,,,,,,,,,,,,,,,,,,,,,,,,,,,,,,,,,,,,,,,,,,,,,,,,,,,,,,,,,,,,,ZGC13
33.833,30.316,19.972,11.811,19.341,24.962,26.550,31.548,31.548,32.850,37.658,37.658,37.658,0.000,,,,,,,,,,,,,,,,,,,,,,,,,,,,,,,,,,,,,,,,,,,,,,,,,,,,,,,,,,,,ZGC14
46.885,43.350,33.184,25.005,27.391,33.155,35.584,40.389,40.389,42.535,47.605,47.605,47.605,13.474,0.000,,,,,,,,,,,,,,,,,,,,,,,,,,,,,,,,,,,,,,,,,,,,,,,,,,,,,,,,,,,ZGC15
48.508,44.994,35.277,27.313,26.306,31.780,34.525,39.051,39.051,41.593,46.690,46.690,46.690,16.867,6.021,0.000,,,,,,,,,,,,,,,,,,,,,,,,,,,,,,,,,,,,,,,,,,,,,,,,,,,,,,,,,,ZGC16
41.110,37.636,28.359,20.809,18.248,23.770,26.476,31.048,31.048,33.541,38.639,38.639,38.639,12.621,10.259,8.062,0.000,,,,,,,,,,,,,,,,,,,,,,,,,,,,,,,,,,,,,,,,,,,,,,,,,,,,,,,,,ZGC17
34.886,31.567,23.555,17.493,10.000,15.297,18.111,22.561,22.561,25.179,30.265,30.265,30.265,14.768,18.446,16.492,8.544,0.000,,,,,,,,,,,,,,,,,,,,,,,,,,,,,,,,,,,,,,,,,,,,,,,,,,,,,,,,ZGC18
35.805,32.718,26.028,21.190,9.434,13.153,16.279,20.000,20.000,23.087,28.018,28.018,28.018,20.082,23.049,20.125,12.806,5.385,0.000,,,,,,,,,,,,,,,,,,,,,,,,,,,,,,,,,,,,,,,,,,,,,,,,,,,,,,,ZGC19
35.805,32.718,26.028,21.190,9.434,13.153,16.279,20.000,20.000,23.087,28.018,28.018,28.018,20.082,23.049,20.125,12.806,5.385,0.000,0.000,,,,,,,,,,,,,,,,,,,,,,,,,,,,,,,,,,,,,,,,,,,,,,,,,,,,,,ZGC20
41.464,38.305,31.026,25.303,15.207,18.927,22.074,25.578,25.578,28.779,33.634,33.634,33.634,21.511,20.809,16.651,10.966,7.826,5.852,5.852,0.000,,,,,,,,,,,,,,,,,,,,,,,,,,,,,,,,,,,,,,,,,,,,,,,,,,,,,ZGC21
41.464,38.305,31.026,25.303,15.207,18.927,22.074,25.578,25.578,28.779,33.634,33.634,33.634,21.511,20.809,16.651,10.966,7.826,5.852,5.852,0.000,0.000,,,,,,,,,,,,,,,,,,,,,,,,,,,,,,,,,,,,,,,,,,,,,,,,,,,,ZGC22
47.183,43.855,35.504,28.640,21.708,26.120,29.210,33.004,33.004,36.087,41.027,41.027,41.027,21.616,16.140,10.735,9.014,12.298,13.010,13.010,7.649,7.649,0.000,,,,,,,,,,,,,,,,,,,,,,,,,,,,,,,,,,,,,,,,,,,,,,,,,,,ZGC23
50.619,47.215,38.351,31.004,25.812,30.516,33.560,37.513,37.513,40.512,45.500,45.500,45.500,22.440,14.000,8.016,10.259,16.008,17.529,17.529,12.369,12.369,4.743,0.000,,,,,,,,,,,,,,,,,,,,,,,,,,,,,,,,,,,,,,,,,,,,,,,,,,ZGC24
50.619,47.215,38.351,31.004,25.812,30.516,33.560,37.513,37.513,40.512,45.500,45.500,45.500,22.440,14.000,8.016,10.259,16.008,17.529,17.529,12.369,12.369,4.743,0.000,0.000,,,,,,,,,,,,,,,,,,,,,,,,,,,,,,,,,,,,,,,,,,,,,,,,,ZGC25
50.619,47.215,38.351,31.004,25.812,30.516,33.560,37.513,37.513,40.512,45.500,45.500,45.500,22.440,14.000,8.016,10.259,16.008,17.529,17.529,12.369,12.369,4.743,0.000,0.000,0.000,,,,,,,,,,,,,,,,,,,,,,,,,,,,,,,,,,,,,,,,,,,,,,,,ZGC26
49.591,46.068,35.744,27.573,31.325,37.125,39.462,44.320,44.320,46.349,51.393,51.393,51.393,15.771,4.243,9.341,14.500,22.611,27.281,27.281,25.000,25.000,19.962,17.263,17.263,17.263,0.000,,,,,,,,,,,,,,,,,,,,,,,,,,,,,,,,,,,,,,,,,,,,,,,ZGC27
53.115,49.591,39.275,31.101,34.355,40.115,42.547,47.352,47.352,49.490,54.555,54.555,54.555,19.304,6.964,10.404,16.919,25.303,29.703,29.703,26.879,26.879,21.095,17.734,17.734,17.734,3.536,0.000,,,,,,,,,,,,,,,,,,,,,,,,,,,,,,,,,,,,,,,,,,,,,,ZGC28
53.115,49.591,39.275,31.101,34.355,40.115,42.547,47.352,47.352,49.490,54.555,54.555,54.555,19.304,6.964,10.404,16.919,25.303,29.703,29.703,26.879,26.879,21.095,17.734,17.734,17.734,3.536,0.000,0.000,,,,,,,,,,,,,,,,,,,,,,,,,,,,,,,,,,,,,,,,,,,,,ZGC29
56.109,52.586,42.262,34.092,37.165,42.898,45.379,50.152,50.152,52.347,57.422,57.422,57.422,22.290,9.823,12.379,19.474,27.951,32.175,32.175,29.026,29.026,22.804,19.039,19.039,19.039,6.519,3.000,3.000,0.000,,,,,,,,,,,,,,,,,,,,,,,,,,,,,,,,,,,,,,,,,,,,ZGC30
56.109,52.586,42.262,34.092,37.165,42.898,45.379,50.152,50.152,52.347,57.422,57.422,57.422,22.290,9.823,12.379,19.474,27.951,32.175,32.175,29.026,29.026,22.804,19.039,19.039,19.039,6.519,3.000,3.000,0.000,0.000,,,,,,,,,,,,,,,,,,,,,,,,,,,,,,,,,,,,,,,,,,,ZGC31
57.866,54.332,44.112,35.924,37.716,43.342,45.962,50.621,50.621,52.995,58.090,58.090,58.090,24.222,11.011,11.853,19.609,28.151,31.977,31.977,28.306,28.306,21.570,17.414,17.414,17.414,8.732,5.408,5.408,3.354,3.354,0.000,,,,,,,,,,,,,,,,,,,,,,,,,,,,,,,,,,,,,,,,,,ZGC32
57.559,54.023,43.873,35.693,36.878,42.450,45.122,49.729,49.729,52.173,57.271,57.271,57.271,24.093,10.689,10.770,18.682,27.203,30.871,30.871,27.042,27.042,20.180,15.945,15.945,15.945,9.014,6.021,6.021,4.610,4.610,1.581,0.000,,,,,,,,,,,,,,,,,,,,,,,,,,,,,,,,,,,,,,,,,ZGC33
52.405,48.900,39.258,31.325,29.568,34.860,37.713,42.086,42.086,44.780,49.862,49.862,49.862,20.860,8.944,4.031,11.543,19.602,22.611,22.611,18.358,18.358,11.336,7.211,7.211,7.211,11.045,10.794,10.794,11.853,11.853,10.259,8.846,0.000,,,,,,,,,,,,,,,,,,,,,,,,,,,,,,,,,,,,,,,,ZGC34
58.694,55.177,45.379,37.336,36.056,41.304,44.181,48.508,48.508,51.245,56.321,56.321,56.321,26.353,13.200,10.198,18.028,26.077,28.862,28.862,24.233,24.233,16.771,12.093,12.093,12.093,13.314,11.236,11.236,10.548,10.548,7.517,6.000,6.500,0.000,,,,,,,,,,,,,,,,,,,,,,,,,,,,,,,,,,,,,,,ZGC35
65.192,61.664,51.364,43.186,45.354,50.961,53.600,58.241,58.241,60.638,65.734,65.734,65.734,31.396,18.527,19.313,27.203,35.735,39.395,39.395,35.415,35.415,28.306,23.817,23.817,23.817,15.628,12.093,12.093,9.124,9.124,7.649,8.544,17.066,12.042,0.000,,,,,,,,,,,,,,,,,,,,,,,,,,,,,,,,,,,,,,ZGC36
71.063,67.546,57.190,49.041,51.662,57.280,59.908,64.560,64.560,66.940,72.035,72.035,72.035,37.230,24.683,25.632,33.526,42.059,45.695,45.695,41.620,41.620,34.398,29.820,29.820,29.820,21.500,18.007,18.007,15.008,15.008,13.946,14.866,23.265,17.804,6.325,0.000,,,,,,,,,,,,,,,,,,,,,,,,,,,,,,,,,,,,,ZGC37
60.671,57.136,47.009,38.833,39.623,45.122,47.854,52.393,52.393,54.918,60.017,60.017,60.017,27.252,13.829,13.342,21.378,29.833,33.242,33.242,29.090,29.090,21.915,17.414,17.414,17.414,12.093,8.902,8.902,6.801,6.801,3.536,3.162,10.735,5.831,6.403,12.530,0.000,,,,,,,,,,,,,,,,,,,,,,,,,,,,,,,,,,,,ZGC38
71.063,67.546,57.722,49.649,48.010,53.038,56.009,60.133,60.133,63.032,68.066,68.066,68.066,38.462,25.045,22.561,30.265,38.013,40.200,40.200,35.018,35.018,27.372,22.699,22.699,22.699,24.005,20.934,20.934,18.742,18.742,15.572,15.000,18.742,12.369,12.649,14.142,12.042,0.000,,,,,,,,,,,,,,,,,,,,,,,,,,,,,,,,,,,ZGC39
61.685,58.194,48.634,40.719,38.053,43.012,46.000,50.090,50.090,53.009,58.034,58.034,58.034,30.121,17.328,13.416,20.616,28.071,30.150,30.150,25.005,25.005,17.357,12.659,12.659,12.659,17.755,15.692,15.692,14.807,14.807,11.597,10.198,9.394,4.472,14.318,19.209,9.055,10.050,0.000,,,,,,,,,,,,,,,,,,,,,,,,,,,,,,,,,,ZGC40
61.685,58.194,48.634,40.719,38.053,43.012,46.000,50.090,50.090,53.009,58.034,58.034,58.034,30.121,17.328,13.416,20.616,28.071,30.150,30.150,25.005,25.005,17.357,12.659,12.659,12.659,17.755,15.692,15.692,14.807,14.807,11.597,10.198,9.394,4.472,14.318,19.209,9.055,10.050,0.000,0.000,,,,,,,,,,,,,,,,,,,,,,,,,,,,,,,,,ZGC41
64.670,61.190,51.709,43.832,40.697,45.511,48.541,52.510,52.510,55.509,60.500,60.500,60.500,33.310,20.518,16.560,23.564,30.761,32.515,32.515,27.166,27.166,19.558,15.000,15.000,15.000,20.809,18.561,18.561,17.393,17.393,14.080,12.816,12.530,7.500,15.403,19.474,11.102,8.078,3.202,3.202,0.000,,,,,,,,,,,,,,,,,,,,,,,,,,,,,,,,ZGC42
64.257,60.815,51.609,43.909,39.623,44.181,47.265,51.039,51.039,54.148,59.076,59.076,59.076,33.892,21.708,17.029,23.259,29.833,31.064,31.064,25.500,25.500,18.062,13.829,13.829,13.829,22.589,20.718,20.718,19.906,19.906,16.688,15.297,13.086,9.487,18.682,22.825,14.000,10.817,5.099,5.099,3.354,0.000,,,,,,,,,,,,,,,,,,,,,,,,,,,,,,,ZGC43
67.720,64.222,54.588,46.615,44.102,49.000,52.010,56.036,56.036,59.000,64.008,64.008,64.008,35.773,22.611,19.313,26.683,34.132,36.056,36.056,30.761,30.761,23.135,18.527,18.527,18.527,22.277,19.602,19.602,17.923,17.923,14.577,13.601,15.338,9.434,14.000,17.088,11.180,4.472,6.083,6.083,3.640,6.403,0.000,,,,,,,,,,,,,,,,,,,,,,,,,,,,,,ZGC44
72.780,69.257,59.354,51.245,50.000,55.082,58.034,62.201,62.201,65.069,70.114,70.114,70.114,39.926,26.462,24.331,32.140,40.000,42.297,42.297,37.165,37.165,29.517,24.824,24.824,24.824,25.125,21.915,21.915,19.526,19.526,16.508,16.125,20.597,14.142,12.530,13.000,13.038,2.236,12.166,12.166,10.308,13.038,6.708,0.000,,,,,,,,,,,,,,,,,,,,,,,,,,,,,ZGC45
72.780,69.257,59.354,51.245,50.000,55.082,58.034,62.201,62.201,65.069,70.114,70.114,70.114,39.926,26.462,24.331,32.140,40.000,42.297,42.297,37.165,37.165,29.517,24.824,24.824,24.824,25.125,21.915,21.915,19.526,19.526,16.508,16.125,20.597,14.142,12.530,13.000,13.038,2.236,12.166,12.166,10.308,13.038,6.708,0.000,0.000,,,,,,,,,,,,,,,,,,,,,,,,,,,,ZGC46
80.281,76.763,66.914,58.822,57.079,62.000,65.008,69.029,69.029,72.000,77.006,77.006,77.006,47.538,34.077,31.780,39.459,47.096,49.041,49.041,43.684,43.684,36.087,31.516,31.516,31.516,32.684,29.415,29.415,26.912,26.912,24.010,23.707,27.951,21.587,19.105,17.464,20.591,9.220,19.026,19.026,16.530,18.439,13.000,7.616,7.616,0.000,,,,,,,,,,,,,,,,,,,,,,,,,,,ZGC47
80.281,76.763,66.914,58.822,57.079,62.000,65.008,69.029,69.029,72.000,77.006,77.006,77.006,47.538,34.077,31.780,39.459,47.096,49.041,49.041,43.684,43.684,36.087,31.516,31.516,31.516,32.684,29.415,29.415,26.912,26.912,24.010,23.707,27.951,21.587,19.105,17.464,20.591,9.220,19.026,19.026,16.530,18.439,13.000,7.616,7.616,0.000,0.000,,,,,,,,,,,,,,,,,,,,,,,,,,ZGC48
80.281,76.763,66.914,58.822,57.079,62.000,65.008,69.029,69.029,72.000,77.006,77.006,77.006,47.538,34.077,31.780,39.459,47.096,49.041,49.041,43.684,43.684,36.087,31.516,31.516,31.516,32.684,29.415,29.415,26.912,26.912,24.010,23.707,27.951,21.587,19.105,17.464,20.591,9.220,19.026,19.026,16.530,18.439,13.000,7.616,7.616,0.000,0.000,0.000,,,,,,,,,,,,,,,,,,,,,,,,,ZGC49
84.646,81.133,71.324,63.246,61.205,66.030,69.065,73.000,73.000,76.026,81.006,81.006,81.006,51.995,38.539,36.139,43.738,51.245,53.000,53.000,47.542,47.542,40.003,35.514,35.514,35.514,37.152,33.871,33.871,31.341,31.341,28.469,28.178,32.268,25.962,23.345,21.095,25.060,13.601,23.195,23.195,20.524,22.091,17.117,12.083,12.083,4.472,4.472,4.472,0.000,,,,,,,,,,,,,,,,,,,,,,,,ZGC50
91.662,88.128,77.909,69.721,70.178,75.425,78.313,82.608,82.608,85.376,90.449,90.449,90.449,57.984,44.780,44.011,52.038,60.208,62.801,62.801,57.760,57.760,50.112,45.401,45.401,45.401,42.264,38.733,38.733,35.795,35.795,33.801,34.132,40.611,34.132,26.683,21.541,31.064,22.804,32.757,32.757,30.842,33.242,27.203,20.616,20.616,15.264,15.264,15.264,13.454,0.000,,,,,,,,,,,,,,,,,,,,,,,ZGC51
97.372,93.842,83.828,75.672,74.560,79.500,82.506,86.523,86.523,89.500,94.505,94.505,94.505,64.134,50.695,49.003,56.818,64.570,66.530,66.530,61.131,61.131,53.558,49.010,49.010,49.010,48.703,45.238,45.238,42.432,42.432,40.003,40.041,45.277,38.823,33.560,29.262,36.882,26.575,36.514,36.514,34.015,35.725,30.500,24.683,24.683,17.500,17.500,17.500,13.647,9.179,0.000,,,,,,,,,,,,,,,,,,,,,,ZGC52
86.701,83.165,72.965,64.777,65.192,70.456,73.335,77.647,77.647,80.399,85.475,85.475,85.475,53.057,39.815,39.013,47.043,55.227,57.871,57.871,52.880,52.880,45.235,40.512,40.512,40.512,37.366,33.842,33.842,30.923,30.923,28.853,29.155,35.627,29.155,21.840,17.000,26.077,18.028,27.893,27.893,26.101,28.636,22.472,15.811,15.811,11.314,11.314,11.314,10.770,5.000,12.420,0.000,,,,,,,,,,,,,,,,,,,,,ZGC53
86.701,83.165,72.965,64.777,65.192,70.456,73.335,77.647,77.647,80.399,85.475,85.475,85.475,53.057,39.815,39.013,47.043,55.227,57.871,57.871,52.880,52.880,45.235,40.512,40.512,40.512,37.366,33.842,33.842,30.923,30.923,28.853,29.155,35.627,29.155,21.840,17.000,26.077,18.028,27.893,27.893,26.101,28.636,22.472,15.811,15.811,11.314,11.314,11.314,10.770,5.000,12.420,0.000,0.000,,,,,,,,,,,,,,,,,,,,ZGC54
86.701,83.165,72.965,64.777,65.192,70.456,73.335,77.647,77.647,80.399,85.475,85.475,85.475,53.057,39.815,39.013,47.043,55.227,57.871,57.871,52.880,52.880,45.235,40.512,40.512,40.512,37.366,33.842,33.842,30.923,30.923,28.853,29.155,35.627,29.155,21.840,17.000,26.077,18.028,27.893,27.893,26.101,28.636,22.472,15.811,15.811,11.314,11.314,11.314,10.770,5.000,12.420,0.000,0.000,0.000,,,,,,,,,,,,,,,,,,,ZGC55
81.959,78.424,68.291,60.110,60.102,65.324,68.222,72.500,72.500,75.281,80.351,80.351,80.351,48.465,35.107,34.004,42.003,50.122,52.690,52.690,47.671,47.671,40.025,35.306,35.306,35.306,32.901,29.411,29.411,26.571,26.571,24.254,24.418,30.537,24.047,17.671,13.793,21.290,12.816,22.677,22.677,20.893,23.479,17.270,10.595,10.595,7.159,7.159,7.159,8.559,10.112,15.890,5.220,5.220,5.220,0.000,,,,,,,,,,,,,,,,,,ZGC56
81.615,78.080,67.871,59.682,60.299,65.620,68.469,72.835,72.835,75.538,80.623,80.623,80.623,47.959,34.731,34.059,42.107,50.359,53.151,53.151,48.283,48.283,40.660,35.920,35.920,35.920,32.268,28.745,28.745,25.831,25.831,23.759,24.083,30.761,24.331,16.763,12.207,21.024,13.892,23.409,23.409,21.915,24.698,18.358,11.662,11.662,9.487,9.487,9.487,11.045,10.050,17.066,5.099,5.099,5.099,2.500,0.000,,,,,,,,,,,,,,,,,ZGC57
77.021,73.486,63.385,55.211,55.111,60.351,63.240,67.537,67.537,70.301,75.374,75.374,75.374,43.610,30.208,29.004,37.003,45.136,47.762,47.762,42.808,42.808,35.171,30.438,30.438,30.438,28.151,24.698,24.698,21.932,21.932,19.449,19.526,25.544,19.059,13.314,10.735,16.378,8.322,17.868,17.868,16.325,19.138,12.777,6.103,6.103,6.801,6.801,6.801,10.404,15.075,20.555,10.112,10.112,10.112,5.000,5.590,0.000,,,,,,,,,,,,,,,,ZGC58
77.021,73.486,63.385,55.211,55.111,60.351,63.240,67.537,67.537,70.301,75.374,75.374,75.374,43.610,30.208,29.004,37.003,45.136,47.762,47.762,42.808,42.808,35.171,30.438,30.438,30.438,28.151,24.698,24.698,21.932,21.932,19.449,19.526,25.544,19.059,13.314,10.735,16.378,8.322,17.868,17.868,16.325,19.138,12.777,6.103,6.103,6.801,6.801,6.801,10.404,15.075,20.555,10.112,10.112,10.112,5.000,5.590,0.000,0.000,,,,,,,,,,,,,,,ZGC59
77.021,73.486,63.385,55.211,55.111,60.351,63.240,67.537,67.537,70.301,75.374,75.374,75.374,43.610,30.208,29.004,37.003,45.136,47.762,47.762,42.808,42.808,35.171,30.438,30.438,30.438,28.151,24.698,24.698,21.932,21.932,19.449,19.526,25.544,19.059,13.314,10.735,16.378,8.322,17.868,17.868,16.325,19.138,12.777,6.103,6.103,6.801,6.801,6.801,10.404,15.075,20.555,10.112,10.112,10.112,5.000,5.590,0.000,0.000,0.000,,,,,,,,,,,,,,ZGC60
75.664,72.128,61.946,53.759,54.332,59.682,62.514,66.910,66.910,69.584,74.673,74.673,74.673,42.068,28.779,28.071,36.125,44.407,47.297,47.297,42.535,42.535,34.946,30.203,30.203,30.203,26.443,22.940,22.940,20.081,20.081,17.847,18.111,24.824,18.439,11.180,8.062,15.033,9.220,17.889,17.889,16.800,19.849,13.454,7.211,7.211,9.487,9.487,9.487,13.038,16.031,22.389,11.045,11.045,11.045,6.500,6.000,2.693,2.693,2.693,0.000,,,,,,,,,,,,,ZGC61
75.664,72.128,61.946,53.759,54.332,59.682,62.514,66.910,66.910,69.584,74.673,74.673,74.673,42.068,28.779,28.071,36.125,44.407,47.297,47.297,42.535,42.535,34.946,30.203,30.203,30.203,26.443,22.940,22.940,20.081,20.081,17.847,18.111,24.824,18.439,11.180,8.062,15.033,9.220,17.889,17.889,16.800,19.849,13.454,7.211,7.211,9.487,9.487,9.487,13.038,16.031,22.389,11.045,11.045,11.045,6.500,6.000,2.693,2.693,2.693,0.000,0.000,,,,,,,,,,,,ZGC62
80.225,76.697,66.390,58.215,59.841,65.307,68.066,72.567,72.567,75.133,80.231,80.231,80.231,46.419,33.500,33.541,41.593,50.010,53.160,53.160,48.572,48.572,41.040,36.308,36.308,36.308,30.647,27.115,27.115,24.130,24.130,22.506,23.087,30.566,24.352,15.033,9.487,20.224,15.556,24.187,24.187,23.200,26.249,19.849,13.454,13.454,13.153,13.153,13.153,15.133,12.083,20.230,7.810,7.810,7.810,6.576,4.123,7.632,7.632,7.632,6.403,6.403,0.000,,,,,,,,,,,ZGC63
80.225,76.697,66.390,58.215,59.841,65.307,68.066,72.567,72.567,75.133,80.231,80.231,80.231,46.419,33.500,33.541,41.593,50.010,53.160,53.160,48.572,48.572,41.040,36.308,36.308,36.308,30.647,27.115,27.115,24.130,24.130,22.506,23.087,30.566,24.352,15.033,9.487,20.224,15.556,24.187,24.187,23.200,26.249,19.849,13.454,13.454,13.153,13.153,13.153,15.133,12.083,20.230,7.810,7.810,7.810,6.576,4.123,7.632,7.632,7.632,6.403,6.403,0.000,0.000,,,,,,,,,,ZGC64
82.389,78.857,68.592,60.407,61.522,66.910,69.721,74.148,74.148,76.792,81.884,81.884,81.884,48.636,35.556,35.228,43.290,51.624,54.571,54.571,49.812,49.812,42.217,37.473,37.473,37.473,32.882,29.347,29.347,26.387,26.387,24.546,25.000,32.066,25.710,17.263,12.083,22.023,15.811,25.080,25.080,23.754,26.627,20.248,13.601,13.601,11.705,11.705,11.705,13.000,9.487,17.414,5.000,5.000,5.000,4.610,2.236,7.500,7.500,7.500,7.280,7.280,2.828,2.828,0.000,,,,,,,,,ZGC65
91.351,87.821,77.535,69.354,70.456,75.802,78.638,83.024,83.024,85.709,90.796,90.796,90.796,57.568,44.545,44.181,52.240,60.531,63.348,63.348,58.457,58.457,50.826,46.090,46.090,46.090,41.800,38.266,38.266,35.288,35.288,33.534,34.000,40.942,34.525,26.173,20.616,31.016,23.770,33.526,33.526,31.847,34.438,28.231,21.541,21.541,17.029,17.029,17.029,15.811,3.000,11.885,5.831,5.831,5.831,10.966,10.198,15.660,15.660,15.660,16.125,16.125,11.180,11.180,9.000,0.000,,,,,,,,ZGC66
91.351,87.821,77.535,69.354,70.456,75.802,78.638,83.024,83.024,85.709,90.796,90.796,90.796,57.568,44.545,44.181,52.240,60.531,63.348,63.348,58.457,58.457,50.826,46.090,46.090,46.090,41.800,38.266,38.266,35.288,35.288,33.534,34.000,40.942,34.525,26.173,20.616,31.016,23.770,33.526,33.526,31.847,34.438,28.231,21.541,21.541,17.029,17.029,17.029,15.811,3.000,11.885,5.831,5.831,5.831,10.966,10.198,15.660,15.660,15.660,16.125,16.125,11.180,11.180,9.000,0.000,0.000,,,,,,,ZGC67
91.351,87.821,77.535,69.354,70.456,75.802,78.638,83.024,83.024,85.709,90.796,90.796,90.796,57.568,44.545,44.181,52.240,60.531,63.348,63.348,58.457,58.457,50.826,46.090,46.090,46.090,41.800,38.266,38.266,35.288,35.288,33.534,34.000,40.942,34.525,26.173,20.616,31.016,23.770,33.526,33.526,31.847,34.438,28.231,21.541,21.541,17.029,17.029,17.029,15.811,3.000,11.885,5.831,5.831,5.831,10.966,10.198,15.660,15.660,15.660,16.125,16.125,11.180,11.180,9.000,0.000,0.000,0.000,,,,,,ZGC68
95.189,91.665,81.337,73.171,74.673,80.062,82.873,87.298,87.298,89.944,95.037,95.037,95.037,61.365,48.500,48.374,56.436,64.777,67.683,67.683,62.843,62.843,55.220,50.480,50.480,50.480,45.599,42.074,42.074,39.080,39.080,37.503,38.053,45.213,38.833,30.017,24.187,35.128,28.231,37.947,37.947,36.308,38.910,32.696,26.000,26.000,21.401,21.401,21.401,19.849,6.403,13.010,10.296,10.296,10.296,15.435,14.560,20.081,20.081,20.081,20.396,20.396,15.000,15.000,13.153,4.472,4.472,4.472,0.000,,,,,ZGC69
95.189,91.665,81.337,73.171,74.673,80.062,82.873,87.298,87.298,89.944,95.037,95.037,95.037,61.365,48.500,48.374,56.436,64.777,67.683,67.683,62.843,62.843,55.220,50.480,50.480,50.480,45.599,42.074,42.074,39.080,39.080,37.503,38.053,45.213,38.833,30.017,24.187,35.128,28.231,37.947,37.947,36.308,38.910,32.696,26.000,26.000,21.401,21.401,21.401,19.849,6.403,13.010,10.296,10.296,10.296,15.435,14.560,20.081,20.081,20.081,20.396,20.396,15.000,15.000,13.153,4.472,4.472,4.472,0.000,0.000,,,,ZGC70
95.189,91.665,81.337,73.171,74.673,80.062,82.873,87.298,87.298,89.944,95.037,95.037,95.037,61.365,48.500,48.374,56.436,64.777,67.683,67.683,62.843,62.843,55.220,50.480,50.480,50.480,45.599,42.074,42.074,39.080,39.080,37.503,38.053,45.213,38.833,30.017,24.187,35.128,28.231,37.947,37.947,36.308,38.910,32.696,26.000,26.000,21.401,21.401,21.401,19.849,6.403,13.010,10.296,10.296,10.296,15.435,14.560,20.081,20.081,20.081,20.396,20.396,15.000,15.000,13.153,4.472,4.472,4.472,0.000,0.000,0.000,,,ZGC71
95.189,91.665,81.337,73.171,74.673,80.062,82.873,87.298,87.298,89.944,95.037,95.037,95.037,61.365,48.500,48.374,56.436,64.777,67.683,67.683,62.843,62.843,55.220,50.480,50.480,50.480,45.599,42.074,42.074,39.080,39.080,37.503,38.053,45.213,38.833,30.017,24.187,35.128,28.231,37.947,37.947,36.308,38.910,32.696,26.000,26.000,21.401,21.401,21.401,19.849,6.403,13.010,10.296,10.296,10.296,15.435,14.560,20.081,20.081,20.081,20.396,20.396,15.000,15.000,13.153,4.472,4.472,4.472,0.000,0.000,0.000,0.000,,ZGC72
95.005,91.501,81.109,73.000,75.505,81.025,83.744,88.295,88.295,90.802,95.901,95.901,95.901,61.202,48.757,49.244,57.271,65.734,68.964,68.964,64.376,64.376,56.826,52.089,52.089,52.089,45.544,42.074,42.074,39.080,39.080,37.901,38.639,46.360,40.162,30.265,24.083,35.903,30.529,39.812,39.812,38.513,41.340,34.986,28.302,28.302,24.759,24.759,24.759,23.854,10.770,18.007,13.454,13.454,13.454,18.118,16.643,22.209,22.209,22.209,21.932,21.932,15.811,15.811,14.765,8.062,8.062,8.062,5.000,5.000,5.000,5.000,0.000,ZGC73